tc_id,source_file,original_entry_detail,extracted_token,not_a_key_subtype,confidence,proposed_action,resolution_requirement,rationale,required_decision
ALTBASIC_HDK_035,doc/[THOR 2] ALT Basic Test Case_FULL.xlsx,press_key:해당 버튼을 짧게 누른다. > press_key:해당 버튼을 길게 누른다,해당 버튼을 짧게 누른다.,KEYCODE_DISCOVERY,low,press_key:<keycode-discovery>,KEYCODE,hardware/nav key or press modifier,device_keycode_discovery
ALTBASIC_HDK_036,doc/[THOR 2] ALT Basic Test Case_FULL.xlsx,press_key:해당 버튼을 짧게 누른다. > press_key:해당 버튼을 길게 누른다,해당 버튼을 짧게 누른다.,KEYCODE_DISCOVERY,low,press_key:<keycode-discovery>,KEYCODE,hardware/nav key or press modifier,device_keycode_discovery
ALTBASIC_HDK_037,doc/[THOR 2] ALT Basic Test Case_FULL.xlsx,press_key:해당 버튼을 짧게 누른다. > press_key:해당 버튼을 길게 누른다,해당 버튼을 짧게 누른다.,KEYCODE_DISCOVERY,low,press_key:<keycode-discovery>,KEYCODE,hardware/nav key or press modifier,device_keycode_discovery
ALTBASIC_HDK_038,doc/[THOR 2] ALT Basic Test Case_FULL.xlsx,press_key:해당 버튼을 짧게 누른다. > press_key:해당 버튼을 길게 누른다,해당 버튼을 짧게 누른다.,KEYCODE_DISCOVERY,low,press_key:<keycode-discovery>,KEYCODE,hardware/nav key or press modifier,device_keycode_discovery
ALTBASIC_QPN_004,doc/[THOR 2] ALT Basic Test Case_FULL.xlsx,navigate:화면 상단부에서 아래로 스와이프하여 퀵패널 진입 > 펼치기 Tap,펼치기 Tap,SELECTOR_DISCOVERY,low,tap:<selector-discovery>,SELECTOR,bare UI-label / explicit tap target,device_selector_discovery
ALTBASIC_QPN_008,doc/[THOR 2] ALT Basic Test Case_FULL.xlsx,navigate:홈 스크린에서 퀵 패널 활성화 한다 > tap:편집 버튼 Tap 한다 > press_key:뒤로가기,뒤로가기,KEYCODE_DISCOVERY,low,press_key:<keycode-discovery>,KEYCODE,hardware/nav key or press modifier,device_keycode_discovery
ALTBASIC_QPN_012,doc/[THOR 2] ALT Basic Test Case_FULL.xlsx,tap:퀵 패널 > 전원 버튼 > 긴급 전화,긴급 전화,MANUAL_RETAIN,low,(manual),BLOCKER,truncated or sensitive phrase,manual_review
ALTBASIC_QPN_043,doc/[THOR 2] ALT Basic Test Case_FULL.xlsx,tap:퀵 패널 > 화면 터치 잠금 탭,화면 터치 잠금 탭,VERIFIER_SCREEN_PRESENT,medium,verifier:screen_present,VERIFIER_SCREEN,"screen/state reference, no focus",screen_verifier_decision
ALTBASIC_QPN_044,doc/[THOR 2] ALT Basic Test Case_FULL.xlsx,tap:1. 퀵 패널 > 화면 터치 잠금 탭 > tap:2. 취소버튼 Tap,화면 터치 잠금 탭,VERIFIER_SCREEN_PRESENT,medium,verifier:screen_present,VERIFIER_SCREEN,"screen/state reference, no focus",screen_verifier_decision
ALTBASIC_QPN_123,doc/[THOR 2] ALT Basic Test Case_FULL.xlsx,press_key:WI-FI focus > Press right > press_key:Wi-Fi focus > Press down,WI-FI focus,VERIFIER_FOCUS_CANDIDATE,medium,verifier:focus_state?,VERIFIER_FOCUS_CANDIDATE,"bare focus token, move-vs-verify ambiguous",focus_intent_decision
ALTBASIC_QPN_123,doc/[THOR 2] ALT Basic Test Case_FULL.xlsx,press_key:WI-FI focus > Press right > press_key:Wi-Fi focus > Press down,Wi-Fi focus,VERIFIER_FOCUS_CANDIDATE,medium,verifier:focus_state?,VERIFIER_FOCUS_CANDIDATE,"bare focus token, move-vs-verify ambiguous",focus_intent_decision
ALTBASIC_QPN_124,doc/[THOR 2] ALT Basic Test Case_FULL.xlsx,press_key:블루투스 focus > Press down > press_key:모바일 데이터 focus > Press right,블루투스 focus,VERIFIER_FOCUS_CANDIDATE,medium,verifier:focus_state?,VERIFIER_FOCUS_CANDIDATE,"bare focus token, move-vs-verify ambiguous",focus_intent_decision
ALTBASIC_QPN_124,doc/[THOR 2] ALT Basic Test Case_FULL.xlsx,press_key:블루투스 focus > Press down > press_key:모바일 데이터 focus > Press right,모바일 데이터 focus,VERIFIER_FOCUS_CANDIDATE,medium,verifier:focus_state?,VERIFIER_FOCUS_CANDIDATE,"bare focus token, move-vs-verify ambiguous",focus_intent_decision
ALTBASIC_QPN_125,doc/[THOR 2] ALT Basic Test Case_FULL.xlsx,press_key:모바일 데이터 focus > press down > press_key:소리모드 focus > press down,모바일 데이터 focus,VERIFIER_FOCUS_CANDIDATE,medium,verifier:focus_state?,VERIFIER_FOCUS_CANDIDATE,"bare focus token, move-vs-verify ambiguous",focus_intent_decision
ALTBASIC_QPN_125,doc/[THOR 2] ALT Basic Test Case_FULL.xlsx,press_key:모바일 데이터 focus > press down > press_key:소리모드 focus > press down,소리모드 focus,VERIFIER_FOCUS_CANDIDATE,medium,verifier:focus_state?,VERIFIER_FOCUS_CANDIDATE,"bare focus token, move-vs-verify ambiguous",focus_intent_decision
ALTBASIC_QPN_130,doc/[THOR 2] ALT Basic Test Case_FULL.xlsx,press_key:펼치기 focus > Press OK,펼치기 focus,VERIFIER_FOCUS_CANDIDATE,medium,verifier:focus_state?,VERIFIER_FOCUS_CANDIDATE,"bare focus token, move-vs-verify ambiguous",focus_intent_decision
ALTBASIC_QPN_131,doc/[THOR 2] ALT Basic Test Case_FULL.xlsx,press_key:wifi focus > press up,wifi focus,VERIFIER_FOCUS_CANDIDATE,medium,verifier:focus_state?,VERIFIER_FOCUS_CANDIDATE,"bare focus token, move-vs-verify ambiguous",focus_intent_decision
ALTBASIC_QPN_133,doc/[THOR 2] ALT Basic Test Case_FULL.xlsx,press_key:wifi focus > Press OK 길게 입력,wifi focus,VERIFIER_FOCUS_CANDIDATE,medium,verifier:focus_state?,VERIFIER_FOCUS_CANDIDATE,"bare focus token, move-vs-verify ambiguous",focus_intent_decision
ALTBASIC_QPN_134,doc/[THOR 2] ALT Basic Test Case_FULL.xlsx,press_key:wifi focus > Press right,wifi focus,VERIFIER_FOCUS_CANDIDATE,medium,verifier:focus_state?,VERIFIER_FOCUS_CANDIDATE,"bare focus token, move-vs-verify ambiguous",focus_intent_decision
ALTBASIC_QPN_135,doc/[THOR 2] ALT Basic Test Case_FULL.xlsx,press_key:wifi focus > Press down,wifi focus,VERIFIER_FOCUS_CANDIDATE,medium,verifier:focus_state?,VERIFIER_FOCUS_CANDIDATE,"bare focus token, move-vs-verify ambiguous",focus_intent_decision
ALTBASIC_QPN_137,doc/[THOR 2] ALT Basic Test Case_FULL.xlsx,press_key:밝기 조절 바 아이콘에 focus > press down,밝기 조절 바 아이콘에 focus,VERIFIER_FOCUS_CANDIDATE,medium,verifier:focus_state?,VERIFIER_FOCUS_CANDIDATE,"bare focus token, move-vs-verify ambiguous",focus_intent_decision
ALTBASIC_QPN_138,doc/[THOR 2] ALT Basic Test Case_FULL.xlsx,press_key:wifi focus > keep press down,wifi focus,VERIFIER_FOCUS_CANDIDATE,medium,verifier:focus_state?,VERIFIER_FOCUS_CANDIDATE,"bare focus token, move-vs-verify ambiguous",focus_intent_decision
ALTBASIC_QPN_140,doc/[THOR 2] ALT Basic Test Case_FULL.xlsx,press_key:수정 버튼 focus > keep press up,수정 버튼 focus,VERIFIER_FOCUS_CANDIDATE,medium,verifier:focus_state?,VERIFIER_FOCUS_CANDIDATE,"bare focus token, move-vs-verify ambiguous",focus_intent_decision
ALTBASIC_QPN_141,doc/[THOR 2] ALT Basic Test Case_FULL.xlsx,press_key:수정 버튼 focus > keep press right,수정 버튼 focus,VERIFIER_FOCUS_CANDIDATE,medium,verifier:focus_state?,VERIFIER_FOCUS_CANDIDATE,"bare focus token, move-vs-verify ambiguous",focus_intent_decision
ALTBASIC_QPN_142,doc/[THOR 2] ALT Basic Test Case_FULL.xlsx,press_key:wifi focus > Press back 또는 cancel,wifi focus,VERIFIER_FOCUS_CANDIDATE,medium,verifier:focus_state?,VERIFIER_FOCUS_CANDIDATE,"bare focus token, move-vs-verify ambiguous",focus_intent_decision
ALTBASIC_QPN_145,doc/[THOR 2] ALT Basic Test Case_FULL.xlsx,press_key:모바일 데이터 focus > Press OK 길게 입력,모바일 데이터 focus,VERIFIER_FOCUS_CANDIDATE,medium,verifier:focus_state?,VERIFIER_FOCUS_CANDIDATE,"bare focus token, move-vs-verify ambiguous",focus_intent_decision
ALTBASIC_QPN_146,doc/[THOR 2] ALT Basic Test Case_FULL.xlsx,press_key:소리모드 focus > Press OK 길게 입력,소리모드 focus,VERIFIER_FOCUS_CANDIDATE,medium,verifier:focus_state?,VERIFIER_FOCUS_CANDIDATE,"bare focus token, move-vs-verify ambiguous",focus_intent_decision
ALTBASIC_QPN_149,doc/[THOR 2] ALT Basic Test Case_FULL.xlsx,press_key:자동 회전 focus > Press Ok 길게 입력,자동 회전 focus,VERIFIER_FOCUS_CANDIDATE,medium,verifier:focus_state?,VERIFIER_FOCUS_CANDIDATE,"bare focus token, move-vs-verify ambiguous",focus_intent_decision
ALTBASIC_QPN_153,doc/[THOR 2] ALT Basic Test Case_FULL.xlsx,press_key:데이터 절약 focus > Press Ok 길게 입력,데이터 절약 focus,VERIFIER_FOCUS_CANDIDATE,medium,verifier:focus_state?,VERIFIER_FOCUS_CANDIDATE,"bare focus token, move-vs-verify ambiguous",focus_intent_decision
ALTBASIC_QPN_155,doc/[THOR 2] ALT Basic Test Case_FULL.xlsx,press_key:방해금지 focus > Press Ok 길게 입력,방해금지 focus,VERIFIER_FOCUS_CANDIDATE,medium,verifier:focus_state?,VERIFIER_FOCUS_CANDIDATE,"bare focus token, move-vs-verify ambiguous",focus_intent_decision
ALTBASIC_QPN_157,doc/[THOR 2] ALT Basic Test Case_FULL.xlsx,press_key:핫스팟 focus > Press Ok long tap,핫스팟 focus,VERIFIER_FOCUS_CANDIDATE,medium,verifier:focus_state?,VERIFIER_FOCUS_CANDIDATE,"bare focus token, move-vs-verify ambiguous",focus_intent_decision
ALTBASIC_QPN_158,doc/[THOR 2] ALT Basic Test Case_FULL.xlsx,press_key:Quick Share focus > Press Ok,Quick Share focus,VERIFIER_FOCUS_CANDIDATE,medium,verifier:focus_state?,VERIFIER_FOCUS_CANDIDATE,"bare focus token, move-vs-verify ambiguous",focus_intent_decision
ALTBASIC_QPN_159,doc/[THOR 2] ALT Basic Test Case_FULL.xlsx,press_key:QR코드 스캐너 focus > Press Ok,QR코드 스캐너 focus,VERIFIER_FOCUS_CANDIDATE,medium,verifier:focus_state?,VERIFIER_FOCUS_CANDIDATE,"bare focus token, move-vs-verify ambiguous",focus_intent_decision
ALTBASIC_QPN_163,doc/[THOR 2] ALT Basic Test Case_FULL.xlsx,press_key:집중 모드 focus > Press Ok,집중 모드 focus,VERIFIER_FOCUS_CANDIDATE,medium,verifier:focus_state?,VERIFIER_FOCUS_CANDIDATE,"bare focus token, move-vs-verify ambiguous",focus_intent_decision
ALTBASIC_QPN_165,doc/[THOR 2] ALT Basic Test Case_FULL.xlsx,press_key:알람 focus > Press Ok,알람 focus,VERIFIER_FOCUS_CANDIDATE,medium,verifier:focus_state?,VERIFIER_FOCUS_CANDIDATE,"bare focus token, move-vs-verify ambiguous",focus_intent_decision
ALTBASIC_QPN_167,doc/[THOR 2] ALT Basic Test Case_FULL.xlsx,press_key:수정 버튼 focus >press ok,수정 버튼 focus,VERIFIER_FOCUS_CANDIDATE,medium,verifier:focus_state?,VERIFIER_FOCUS_CANDIDATE,"bare focus token, move-vs-verify ambiguous",focus_intent_decision
ALTBASIC_QPN_168,doc/[THOR 2] ALT Basic Test Case_FULL.xlsx,press_key:1. 첫 번째 메뉴 focus > Press up,첫 번째 메뉴 focus,VERIFIER_FOCUS_CANDIDATE,medium,verifier:focus_state?,VERIFIER_FOCUS_CANDIDATE,"bare focus token, move-vs-verify ambiguous",focus_intent_decision
ALTBASIC_QPN_175,doc/[THOR 2] ALT Basic Test Case_FULL.xlsx,press_key:전원 버튼 focus >press ok,전원 버튼 focus,VERIFIER_FOCUS_CANDIDATE,medium,verifier:focus_state?,VERIFIER_FOCUS_CANDIDATE,"bare focus token, move-vs-verify ambiguous",focus_intent_decision
ALTBASIC_QPN_176,doc/[THOR 2] ALT Basic Test Case_FULL.xlsx,press_key:설정 버튼 focus >press ok,설정 버튼 focus,VERIFIER_FOCUS_CANDIDATE,medium,verifier:focus_state?,VERIFIER_FOCUS_CANDIDATE,"bare focus token, move-vs-verify ambiguous",focus_intent_decision
ALTBASIC_SFT_054,doc/[THOR 2] ALT Basic Test Case_FULL.xlsx,tap:1. 설정 > 안심기능 > SOS 버튼,안심기능,SELECTOR_DISCOVERY,low,tap:<selector-discovery>,SELECTOR,bare UI-label / explicit tap target,device_selector_discovery
ALTBASIC_SFT_055,doc/[THOR 2] ALT Basic Test Case_FULL.xlsx,tap:1. 설정 > 안심기능 > SOS 버튼 > tap:2. 짧게 누르기 Tap,안심기능,SELECTOR_DISCOVERY,low,tap:<selector-discovery>,SELECTOR,bare UI-label / explicit tap target,device_selector_discovery
ALTBASIC_SET_090,doc/[THOR 2] ALT Basic Test Case_FULL.xlsx,tap:설정 > 안심 기능 > 보호자 등록,안심 기능,SELECTOR_DISCOVERY,low,tap:<selector-discovery>,SELECTOR,bare UI-label / explicit tap target,device_selector_discovery
ALTBASIC_SET_090,doc/[THOR 2] ALT Basic Test Case_FULL.xlsx,tap:설정 > 안심 기능 > 보호자 등록,보호자 등록,SELECTOR_DISCOVERY,low,tap:<selector-discovery>,SELECTOR,bare UI-label / explicit tap target,device_selector_discovery
ALTBASIC_SET_091,doc/[THOR 2] ALT Basic Test Case_FULL.xlsx,tap:설정 > 안심 기능 > 보호자 등록 > 보호자 추가,안심 기능,SELECTOR_DISCOVERY,low,tap:<selector-discovery>,SELECTOR,bare UI-label / explicit tap target,device_selector_discovery
ALTBASIC_SET_091,doc/[THOR 2] ALT Basic Test Case_FULL.xlsx,tap:설정 > 안심 기능 > 보호자 등록 > 보호자 추가,보호자 등록,SELECTOR_DISCOVERY,low,tap:<selector-discovery>,SELECTOR,bare UI-label / explicit tap target,device_selector_discovery
ALTBASIC_SET_091,doc/[THOR 2] ALT Basic Test Case_FULL.xlsx,tap:설정 > 안심 기능 > 보호자 등록 > 보호자 추가,보호자 추가,SELECTOR_DISCOVERY,low,tap:<selector-discovery>,SELECTOR,bare UI-label / explicit tap target,device_selector_discovery
ALTBASIC_SET_123,doc/[THOR 2] ALT Basic Test Case_FULL.xlsx,navigate:설정 > 안심 기능 > 측면 버튼,안심 기능,SELECTOR_DISCOVERY,low,tap:<selector-discovery>,SELECTOR,bare UI-label / explicit tap target,device_selector_discovery
ALTBASIC_SET_256,doc/[THOR 2] ALT Basic Test Case_FULL.xlsx,navigate:1. 설정 > 배터리 >절전 모드,배터리,SELECTOR_DISCOVERY,low,tap:<selector-discovery>,SELECTOR,bare UI-label / explicit tap target,device_selector_discovery
ALTBASIC_SET_256,doc/[THOR 2] ALT Basic Test Case_FULL.xlsx,navigate:1. 설정 > 배터리 >절전 모드,절전 모드,SELECTOR_DISCOVERY,low,tap:<selector-discovery>,SELECTOR,bare UI-label / explicit tap target,device_selector_discovery
ALTBASIC_SET_273,doc/[THOR 2] ALT Basic Test Case_FULL.xlsx,navigate:1. 설정 > 소리 및 진동 > 방해 금지 모드,소리 및 진동,SELECTOR_DISCOVERY,low,tap:<selector-discovery>,SELECTOR,bare UI-label / explicit tap target,device_selector_discovery
ALTBASIC_SET_273,doc/[THOR 2] ALT Basic Test Case_FULL.xlsx,navigate:1. 설정 > 소리 및 진동 > 방해 금지 모드,방해 금지 모드,SELECTOR_DISCOVERY,low,tap:<selector-discovery>,SELECTOR,bare UI-label / explicit tap target,device_selector_discovery
ALTBASIC_SET_602,doc/[THOR 2] ALT Basic Test Case_FULL.xlsx,tap:1. 설정 > 접근성 > 실시간 자막 Tap,접근성,SELECTOR_DISCOVERY,low,tap:<selector-discovery>,SELECTOR,bare UI-label / explicit tap target,device_selector_discovery
ALTBASIC_SET_602,doc/[THOR 2] ALT Basic Test Case_FULL.xlsx,tap:1. 설정 > 접근성 > 실시간 자막 Tap,실시간 자막 Tap,SELECTOR_DISCOVERY,low,tap:<selector-discovery>,SELECTOR,bare UI-label / explicit tap target,device_selector_discovery
ALTBASIC_SET_610,doc/[THOR 2] ALT Basic Test Case_FULL.xlsx,tap:1. 설정 > 접근성 > 실시간 자막 Tap > tap:2. 자막 환경설정 Tap > tap:3. 추가 옵션 Tap,접근성,SELECTOR_DISCOVERY,low,tap:<selector-discovery>,SELECTOR,bare UI-label / explicit tap target,device_selector_discovery
ALTBASIC_SET_610,doc/[THOR 2] ALT Basic Test Case_FULL.xlsx,tap:1. 설정 > 접근성 > 실시간 자막 Tap > tap:2. 자막 환경설정 Tap > tap:3. 추가 옵션 Tap,실시간 자막 Tap,SELECTOR_DISCOVERY,low,tap:<selector-discovery>,SELECTOR,bare UI-label / explicit tap target,device_selector_discovery
ALTBASIC_SET_651,doc/[THOR 2] ALT Basic Test Case_FULL.xlsx,navigate:1. 설정 > 접근성 > 텍스트 음성 변환 출력 Tap > tap:2. 기본엔진 Set. Icon Tap,접근성,SELECTOR_DISCOVERY,low,tap:<selector-discovery>,SELECTOR,bare UI-label / explicit tap target,device_selector_discovery
ALTBASIC_SET_651,doc/[THOR 2] ALT Basic Test Case_FULL.xlsx,navigate:1. 설정 > 접근성 > 텍스트 음성 변환 출력 Tap > tap:2. 기본엔진 Set. Icon Tap,텍스트 음성 변환 출력 Tap,SELECTOR_DISCOVERY,low,tap:<selector-discovery>,SELECTOR,bare UI-label / explicit tap target,device_selector_discovery
ALTBASIC_SET_972,doc/[THOR 2] ALT Basic Test Case_FULL.xlsx,navigate:설정 >시스템 >언어 및 입력 > 터치 키보드,시스템,SELECTOR_DISCOVERY,low,tap:<selector-discovery>,SELECTOR,bare UI-label / explicit tap target,device_selector_discovery
ALTBASIC_SET_972,doc/[THOR 2] ALT Basic Test Case_FULL.xlsx,navigate:설정 >시스템 >언어 및 입력 > 터치 키보드,언어 및 입력,SELECTOR_DISCOVERY,low,tap:<selector-discovery>,SELECTOR,bare UI-label / explicit tap target,device_selector_discovery
ALTBASIC_SET_972,doc/[THOR 2] ALT Basic Test Case_FULL.xlsx,navigate:설정 >시스템 >언어 및 입력 > 터치 키보드,터치 키보드,SELECTOR_DISCOVERY,low,tap:<selector-discovery>,SELECTOR,bare UI-label / explicit tap target,device_selector_discovery
ALTBASIC_SET_977,doc/[THOR 2] ALT Basic Test Case_FULL.xlsx,navigate:설정 >시스템 > 언어 및 입력 > 텍스트 음성 변환 출력 > 기본 엔진 설정,시스템,SELECTOR_DISCOVERY,low,tap:<selector-discovery>,SELECTOR,bare UI-label / explicit tap target,device_selector_discovery
ALTBASIC_SET_977,doc/[THOR 2] ALT Basic Test Case_FULL.xlsx,navigate:설정 >시스템 > 언어 및 입력 > 텍스트 음성 변환 출력 > 기본 엔진 설정,언어 및 입력,SELECTOR_DISCOVERY,low,tap:<selector-discovery>,SELECTOR,bare UI-label / explicit tap target,device_selector_discovery
ALTBASIC_SET_977,doc/[THOR 2] ALT Basic Test Case_FULL.xlsx,navigate:설정 >시스템 > 언어 및 입력 > 텍스트 음성 변환 출력 > 기본 엔진 설정,텍스트 음성 변환 출력,SELECTOR_DISCOVERY,low,tap:<selector-discovery>,SELECTOR,bare UI-label / explicit tap target,device_selector_discovery
ALTBASIC_SET_977,doc/[THOR 2] ALT Basic Test Case_FULL.xlsx,navigate:설정 >시스템 > 언어 및 입력 > 텍스트 음성 변환 출력 > 기본 엔진 설정,기본 엔진 설정,SELECTOR_DISCOVERY,low,tap:<selector-discovery>,SELECTOR,bare UI-label / explicit tap target,device_selector_discovery
ALTBASIC_SET_985,doc/[THOR 2] ALT Basic Test Case_FULL.xlsx,navigate:설정 >시스템 > 날짜 및 시간,시스템,SELECTOR_DISCOVERY,low,tap:<selector-discovery>,SELECTOR,bare UI-label / explicit tap target,device_selector_discovery
ALTBASIC_SET_985,doc/[THOR 2] ALT Basic Test Case_FULL.xlsx,navigate:설정 >시스템 > 날짜 및 시간,날짜 및 시간,SELECTOR_DISCOVERY,low,tap:<selector-discovery>,SELECTOR,bare UI-label / explicit tap target,device_selector_discovery
ALTBASIC_SET_987,doc/[THOR 2] ALT Basic Test Case_FULL.xlsx,navigate:설정 >시스템 > 여러 사용자,시스템,SELECTOR_DISCOVERY,low,tap:<selector-discovery>,SELECTOR,bare UI-label / explicit tap target,device_selector_discovery
ALTBASIC_SET_987,doc/[THOR 2] ALT Basic Test Case_FULL.xlsx,navigate:설정 >시스템 > 여러 사용자,여러 사용자,SELECTOR_DISCOVERY,low,tap:<selector-discovery>,SELECTOR,bare UI-label / explicit tap target,device_selector_discovery
ALTBASIC_LCH_016,doc/[THOR 2] ALT Basic Test Case_FULL.xlsx,press_key:앱 서랍 포커스 되지 않은 상태 > 네비키 또는 OK키 입력 > navigate:[앱 서랍 진입 설명 추가 필요],앱 서랍 포커스 되지 않은 상태,VERIFIER_FOCUS_STATE,high,verifier:focus_state,VERIFIER_FOCUS,focus token + state/observe marker,screen_verifier_decision
ALTBASIC_LCH_017,doc/[THOR 2] ALT Basic Test Case_FULL.xlsx,press_key:1. 앱서랍 진입 > 네비키 또는 OK키 입력 > 우방향키 입력,앱서랍 진입,VERIFIER_SCREEN_PRESENT,medium,verifier:screen_present,VERIFIER_SCREEN,"screen/state reference, no focus",screen_verifier_decision
ALTBASIC_LCH_018,doc/[THOR 2] ALT Basic Test Case_FULL.xlsx,press_key:1. 앱서랍 진입 > 네비키 또는 OK키 입력 > 우방향키 누른 상태로 유지,앱서랍 진입,VERIFIER_SCREEN_PRESENT,medium,verifier:screen_present,VERIFIER_SCREEN,"screen/state reference, no focus",screen_verifier_decision
ALTBASIC_LCH_019,doc/[THOR 2] ALT Basic Test Case_FULL.xlsx,press_key:1. 앱서랍 진입 > 네비키 또는 OK키 입력 > 하방향키 누른 상태로 유지,앱서랍 진입,VERIFIER_SCREEN_PRESENT,medium,verifier:screen_present,VERIFIER_SCREEN,"screen/state reference, no focus",screen_verifier_decision
ALTBASIC_LCH_020,doc/[THOR 2] ALT Basic Test Case_FULL.xlsx,press_key:1. 앱서랍 진입 > 네비키 또는 OK키 입력 > 하방향키 누른 상태로 유지 > press_key:2. 스크롤 마지막 앱에 포커스 위치 > 상방향키 누른 상태로 유지,앱서랍 진입,VERIFIER_SCREEN_PRESENT,medium,verifier:screen_present,VERIFIER_SCREEN,"screen/state reference, no focus",screen_verifier_decision
ALTBASIC_LCH_020,doc/[THOR 2] ALT Basic Test Case_FULL.xlsx,press_key:1. 앱서랍 진입 > 네비키 또는 OK키 입력 > 하방향키 누른 상태로 유지 > press_key:2. 스크롤 마지막 앱에 포커스 위치 > 상방향키 누른 상태로 유지,스크롤 마지막 앱에 포커스 위치,VERIFIER_FOCUS_STATE,high,verifier:focus_state,VERIFIER_FOCUS,focus token + state/observe marker,screen_verifier_decision
ALTBASIC_LCH_022,doc/[THOR 2] ALT Basic Test Case_FULL.xlsx,press_key:홈화면 > 네비키 또는 OK키 입력 > 하방향키 입력,홈화면,VERIFIER_SCREEN_PRESENT,medium,verifier:screen_present,VERIFIER_SCREEN,"screen/state reference, no focus",screen_verifier_decision
ALTBASIC_LCH_023,doc/[THOR 2] ALT Basic Test Case_FULL.xlsx,press_key:홈화면 > 네비키 또는 OK키 입력 > 하방향키 입력 > 우방향키 입력,홈화면,VERIFIER_SCREEN_PRESENT,medium,verifier:screen_present,VERIFIER_SCREEN,"screen/state reference, no focus",screen_verifier_decision
ALTBASIC_LCH_024,doc/[THOR 2] ALT Basic Test Case_FULL.xlsx,press_key:홈화면 > 네비키 또는 OK키 입력 > 하방향키 입력 > 우방향키 3회 입력,홈화면,VERIFIER_SCREEN_PRESENT,medium,verifier:screen_present,VERIFIER_SCREEN,"screen/state reference, no focus",screen_verifier_decision
ALTBASIC_LCH_026,doc/[THOR 2] ALT Basic Test Case_FULL.xlsx,press_key:홈화면 > 네비키 또는 OK키 입력 > press_key:우방향키 누른 상태로 유지,홈화면,VERIFIER_SCREEN_PRESENT,medium,verifier:screen_present,VERIFIER_SCREEN,"screen/state reference, no focus",screen_verifier_decision
ALTBASIC_LCH_042,doc/[THOR 2] ALT Basic Test Case_FULL.xlsx,press_key:간편 설정 페이지 > 네비키 또는 OK키 입력,간편 설정 페이지,VERIFIER_SCREEN_PRESENT,medium,verifier:screen_present,VERIFIER_SCREEN,"screen/state reference, no focus",screen_verifier_decision
ALTBASIC_LCH_044,doc/[THOR 2] ALT Basic Test Case_FULL.xlsx,press_key:간편 설정 페이지 > 네비키 또는 OK키 입력 > press_key:Press Up,간편 설정 페이지,VERIFIER_SCREEN_PRESENT,medium,verifier:screen_present,VERIFIER_SCREEN,"screen/state reference, no focus",screen_verifier_decision
ALTBASIC_LCH_045,doc/[THOR 2] ALT Basic Test Case_FULL.xlsx,press_key:간편 설정 페이지 > 네비키 또는 OK키 입력 > press_key:Press Up > press_key:Press Ok,간편 설정 페이지,VERIFIER_SCREEN_PRESENT,medium,verifier:screen_present,VERIFIER_SCREEN,"screen/state reference, no focus",screen_verifier_decision
ALTBASIC_LCH_046,doc/[THOR 2] ALT Basic Test Case_FULL.xlsx,press_key:간편 설정 페이지 > 네비키 또는 OK키 입력 > press_key:Press Up 2회 입력,간편 설정 페이지,VERIFIER_SCREEN_PRESENT,medium,verifier:screen_present,VERIFIER_SCREEN,"screen/state reference, no focus",screen_verifier_decision
ALTBASIC_LCH_047,doc/[THOR 2] ALT Basic Test Case_FULL.xlsx,press_key:간편 설정 페이지 > 네비키 또는 OK키 입력 > press_key:Press Up 2회 입력 > press_key:Press Ok,간편 설정 페이지,VERIFIER_SCREEN_PRESENT,medium,verifier:screen_present,VERIFIER_SCREEN,"screen/state reference, no focus",screen_verifier_decision
ALTBASIC_LCH_048,doc/[THOR 2] ALT Basic Test Case_FULL.xlsx,press_key:간편 설정 페이지 > 네비키 또는 OK키 입력 > press_key:Press Up 3회 입력,간편 설정 페이지,VERIFIER_SCREEN_PRESENT,medium,verifier:screen_present,VERIFIER_SCREEN,"screen/state reference, no focus",screen_verifier_decision
ALTBASIC_LCH_049,doc/[THOR 2] ALT Basic Test Case_FULL.xlsx,press_key:간편 설정 페이지 > 네비키 또는 OK키 입력 > press_key:Press Up 3회 입력 > press_key:Press Ok,간편 설정 페이지,VERIFIER_SCREEN_PRESENT,medium,verifier:screen_present,VERIFIER_SCREEN,"screen/state reference, no focus",screen_verifier_decision
ALTBASIC_LCH_050,doc/[THOR 2] ALT Basic Test Case_FULL.xlsx,press_key:간편 설정 페이지 > 네비키 또는 OK키 입력 > press_key:Press Up 4회 입력,간편 설정 페이지,VERIFIER_SCREEN_PRESENT,medium,verifier:screen_present,VERIFIER_SCREEN,"screen/state reference, no focus",screen_verifier_decision
ALTBASIC_LCH_153,doc/[THOR 2] ALT Basic Test Case_FULL.xlsx,press_key:홈 화면 하드키로 앱 포커스 > press_key:HardKey '확인' 버튼 롱탭,홈 화면 하드키로 앱 포커스,VERIFIER_FOCUS_CANDIDATE,medium,verifier:focus_state?,VERIFIER_FOCUS_CANDIDATE,"bare focus token, move-vs-verify ambiguous",focus_intent_decision
ALTBASIC_LCH_154,doc/[THOR 2] ALT Basic Test Case_FULL.xlsx,press_key:홈 화면 하드키로 앱 포커스 > press_key:HardKey '확인' 버튼 롱탭 > press_key:하방향키 입력,홈 화면 하드키로 앱 포커스,VERIFIER_FOCUS_CANDIDATE,medium,verifier:focus_state?,VERIFIER_FOCUS_CANDIDATE,"bare focus token, move-vs-verify ambiguous",focus_intent_decision
ALTBASIC_LCH_241,doc/[THOR 2] ALT Basic Test Case_FULL.xlsx,press_key:하드키 즐겨 찾기 버튼 롱 탭,하드키 즐겨 찾기 버튼 롱 탭,KEYCODE_DISCOVERY,low,press_key:<keycode-discovery>,KEYCODE,hardware/nav key or press modifier,device_keycode_discovery
ALTBASIC_CAL_354,doc/[THOR 2] ALT Basic Test Case_FULL.xlsx,press_key:1. 새 연락처 만들기 focus > press up > press_key:2. 새 연락처 만들기 focus > press up > press left > press_key:3. 새 연락처 만들기 focus > press up > press right,새 연락처 만들기 focus,VERIFIER_FOCUS_CANDIDATE,medium,verifier:focus_state?,VERIFIER_FOCUS_CANDIDATE,"bare focus token, move-vs-verify ambiguous",focus_intent_decision
ALTBASIC_CAL_354,doc/[THOR 2] ALT Basic Test Case_FULL.xlsx,press_key:1. 새 연락처 만들기 focus > press up > press_key:2. 새 연락처 만들기 focus > press up > press left > press_key:3. 새 연락처 만들기 focus > press up > press right,새 연락처 만들기 focus,VERIFIER_FOCUS_CANDIDATE,medium,verifier:focus_state?,VERIFIER_FOCUS_CANDIDATE,"bare focus token, move-vs-verify ambiguous",focus_intent_decision
ALTBASIC_CAL_354,doc/[THOR 2] ALT Basic Test Case_FULL.xlsx,press_key:1. 새 연락처 만들기 focus > press up > press_key:2. 새 연락처 만들기 focus > press up > press left > press_key:3. 새 연락처 만들기 focus > press up > press right,새 연락처 만들기 focus,VERIFIER_FOCUS_CANDIDATE,medium,verifier:focus_state?,VERIFIER_FOCUS_CANDIDATE,"bare focus token, move-vs-verify ambiguous",focus_intent_decision
ALTBASIC_MSG_068,doc/[THOR 2] ALT Basic Test Case_FULL.xlsx,navigate:메시지 > 더보기 > 차단 및 스팸관리 focus > press_key:Press Ok,더보기,SELECTOR_DISCOVERY,low,tap:<selector-discovery>,SELECTOR,bare UI-label / explicit tap target,device_selector_discovery
ALTBASIC_MSG_068,doc/[THOR 2] ALT Basic Test Case_FULL.xlsx,navigate:메시지 > 더보기 > 차단 및 스팸관리 focus > press_key:Press Ok,차단 및 스팸관리 focus,VERIFIER_FOCUS_CANDIDATE,medium,verifier:focus_state?,VERIFIER_FOCUS_CANDIDATE,"bare focus token, move-vs-verify ambiguous",focus_intent_decision
ALTBASIC_MSG_073,doc/[THOR 2] ALT Basic Test Case_FULL.xlsx,navigate:메시지 > 더보기 > 차단 및 스팸관리 >스팸 신고 안내,더보기,SELECTOR_DISCOVERY,low,tap:<selector-discovery>,SELECTOR,bare UI-label / explicit tap target,device_selector_discovery
ALTBASIC_MSG_073,doc/[THOR 2] ALT Basic Test Case_FULL.xlsx,navigate:메시지 > 더보기 > 차단 및 스팸관리 >스팸 신고 안내,차단 및 스팸관리,SELECTOR_DISCOVERY,low,tap:<selector-discovery>,SELECTOR,bare UI-label / explicit tap target,device_selector_discovery
ALTBASIC_MSG_073,doc/[THOR 2] ALT Basic Test Case_FULL.xlsx,navigate:메시지 > 더보기 > 차단 및 스팸관리 >스팸 신고 안내,스팸 신고 안내,SELECTOR_DISCOVERY,low,tap:<selector-discovery>,SELECTOR,bare UI-label / explicit tap target,device_selector_discovery
ALTBASIC_MSG_074,doc/[THOR 2] ALT Basic Test Case_FULL.xlsx,navigate:메시지 > 더보기 > 차단 및 스팸관리 > 개인정보 수집 동의,더보기,SELECTOR_DISCOVERY,low,tap:<selector-discovery>,SELECTOR,bare UI-label / explicit tap target,device_selector_discovery
ALTBASIC_MSG_074,doc/[THOR 2] ALT Basic Test Case_FULL.xlsx,navigate:메시지 > 더보기 > 차단 및 스팸관리 > 개인정보 수집 동의,차단 및 스팸관리,SELECTOR_DISCOVERY,low,tap:<selector-discovery>,SELECTOR,bare UI-label / explicit tap target,device_selector_discovery
ALTBASIC_MSG_074,doc/[THOR 2] ALT Basic Test Case_FULL.xlsx,navigate:메시지 > 더보기 > 차단 및 스팸관리 > 개인정보 수집 동의,개인정보 수집 동의,SELECTOR_DISCOVERY,low,tap:<selector-discovery>,SELECTOR,bare UI-label / explicit tap target,device_selector_discovery
ALTBASIC_MSG_075,doc/[THOR 2] ALT Basic Test Case_FULL.xlsx,press_key:1. 메시지 > 더보기 > 휴지통 focus > Press Ok,메시지,SELECTOR_DISCOVERY,low,tap:<selector-discovery>,SELECTOR,bare UI-label / explicit tap target,device_selector_discovery
ALTBASIC_MSG_075,doc/[THOR 2] ALT Basic Test Case_FULL.xlsx,press_key:1. 메시지 > 더보기 > 휴지통 focus > Press Ok,더보기,SELECTOR_DISCOVERY,low,tap:<selector-discovery>,SELECTOR,bare UI-label / explicit tap target,device_selector_discovery
ALTBASIC_MSG_075,doc/[THOR 2] ALT Basic Test Case_FULL.xlsx,press_key:1. 메시지 > 더보기 > 휴지통 focus > Press Ok,휴지통 focus,VERIFIER_FOCUS_CANDIDATE,medium,verifier:focus_state?,VERIFIER_FOCUS_CANDIDATE,"bare focus token, move-vs-verify ambiguous",focus_intent_decision
ALTBASIC_MSG_076,doc/[THOR 2] ALT Basic Test Case_FULL.xlsx,navigate:메시지 > 더보기 > 설정 focus > press_key:Press Ok,더보기,SELECTOR_DISCOVERY,low,tap:<selector-discovery>,SELECTOR,bare UI-label / explicit tap target,device_selector_discovery
ALTBASIC_MSG_076,doc/[THOR 2] ALT Basic Test Case_FULL.xlsx,navigate:메시지 > 더보기 > 설정 focus > press_key:Press Ok,설정 focus,VERIFIER_FOCUS_CANDIDATE,medium,verifier:focus_state?,VERIFIER_FOCUS_CANDIDATE,"bare focus token, move-vs-verify ambiguous",focus_intent_decision
ALTBASIC_MSG_080,doc/[THOR 2] ALT Basic Test Case_FULL.xlsx,navigate:메시지 > 더보기 > 설정 > 멀티미디어 메시지(MMS),더보기,SELECTOR_DISCOVERY,low,tap:<selector-discovery>,SELECTOR,bare UI-label / explicit tap target,device_selector_discovery
ALTBASIC_MSG_080,doc/[THOR 2] ALT Basic Test Case_FULL.xlsx,navigate:메시지 > 더보기 > 설정 > 멀티미디어 메시지(MMS),설정,SELECTOR_DISCOVERY,low,tap:<selector-discovery>,SELECTOR,bare UI-label / explicit tap target,device_selector_discovery
ALTBASIC_MSG_081,doc/[THOR 2] ALT Basic Test Case_FULL.xlsx,navigate:메시지 > 더보기 > 설정 > 알림,더보기,SELECTOR_DISCOVERY,low,tap:<selector-discovery>,SELECTOR,bare UI-label / explicit tap target,device_selector_discovery
ALTBASIC_MSG_081,doc/[THOR 2] ALT Basic Test Case_FULL.xlsx,navigate:메시지 > 더보기 > 설정 > 알림,설정,SELECTOR_DISCOVERY,low,tap:<selector-discovery>,SELECTOR,bare UI-label / explicit tap target,device_selector_discovery
ALTBASIC_MSG_081,doc/[THOR 2] ALT Basic Test Case_FULL.xlsx,navigate:메시지 > 더보기 > 설정 > 알림,알림,SELECTOR_DISCOVERY,low,tap:<selector-discovery>,SELECTOR,bare UI-label / explicit tap target,device_selector_discovery
ALTBASIC_MSG_082,doc/[THOR 2] ALT Basic Test Case_FULL.xlsx,navigate:메시지 > 더보기 > 설정 > 메시지 글꼴 크기,더보기,SELECTOR_DISCOVERY,low,tap:<selector-discovery>,SELECTOR,bare UI-label / explicit tap target,device_selector_discovery
ALTBASIC_MSG_082,doc/[THOR 2] ALT Basic Test Case_FULL.xlsx,navigate:메시지 > 더보기 > 설정 > 메시지 글꼴 크기,설정,SELECTOR_DISCOVERY,low,tap:<selector-discovery>,SELECTOR,bare UI-label / explicit tap target,device_selector_discovery
ALTBASIC_MSG_082,doc/[THOR 2] ALT Basic Test Case_FULL.xlsx,navigate:메시지 > 더보기 > 설정 > 메시지 글꼴 크기,메시지 글꼴 크기,SELECTOR_DISCOVERY,low,tap:<selector-discovery>,SELECTOR,bare UI-label / explicit tap target,device_selector_discovery
ALTBASIC_CNT_003,doc/[THOR 2] ALT Basic Test Case_FULL.xlsx,press_key:1. 새 연락처 만들기 focus > Press Up,새 연락처 만들기 focus,VERIFIER_FOCUS_CANDIDATE,medium,verifier:focus_state?,VERIFIER_FOCUS_CANDIDATE,"bare focus token, move-vs-verify ambiguous",focus_intent_decision
ALTBASIC_CNT_004,doc/[THOR 2] ALT Basic Test Case_FULL.xlsx,press_key:1. 연락처 메뉴 focus > Press Right,연락처 메뉴 focus,VERIFIER_FOCUS_CANDIDATE,medium,verifier:focus_state?,VERIFIER_FOCUS_CANDIDATE,"bare focus token, move-vs-verify ambiguous",focus_intent_decision
ALTBASIC_CNT_005,doc/[THOR 2] ALT Basic Test Case_FULL.xlsx,press_key:1. 연락처 추가하기 버튼(+) focus > Press Right,연락처 추가하기 버튼(+) focus,VERIFIER_FOCUS_CANDIDATE,medium,verifier:focus_state?,VERIFIER_FOCUS_CANDIDATE,"bare focus token, move-vs-verify ambiguous",focus_intent_decision
ALTBASIC_CNT_006,doc/[THOR 2] ALT Basic Test Case_FULL.xlsx,"press_key:1. 메뉴, 연락처 추가하기, 검색 버튼 focus > Press Down","메뉴, 연락처 추가하기, 검색 버튼 focus",VERIFIER_FOCUS_CANDIDATE,medium,verifier:focus_state?,VERIFIER_FOCUS_CANDIDATE,"bare focus token, move-vs-verify ambiguous",focus_intent_decision
ALTBASIC_CNT_048,doc/[THOR 2] ALT Basic Test Case_FULL.xlsx,press_key:1. 사진 찍기 focus > Press Down,사진 찍기 focus,VERIFIER_FOCUS_CANDIDATE,medium,verifier:focus_state?,VERIFIER_FOCUS_CANDIDATE,"bare focus token, move-vs-verify ambiguous",focus_intent_decision
ALTBASIC_CNT_049,doc/[THOR 2] ALT Basic Test Case_FULL.xlsx,press_key:1. 사진 변경 focus > Press Down,사진 변경 focus,VERIFIER_FOCUS_CANDIDATE,medium,verifier:focus_state?,VERIFIER_FOCUS_CANDIDATE,"bare focus token, move-vs-verify ambiguous",focus_intent_decision
ALTBASIC_CNT_050,doc/[THOR 2] ALT Basic Test Case_FULL.xlsx,press_key:1. 이름 입력칸 focus > Press Right,이름 입력칸 focus,VERIFIER_FOCUS_CANDIDATE,medium,verifier:focus_state?,VERIFIER_FOCUS_CANDIDATE,"bare focus token, move-vs-verify ambiguous",focus_intent_decision
ALTBASIC_CNT_053,doc/[THOR 2] ALT Basic Test Case_FULL.xlsx,press_key:1. 이름 입력칸 focus > Press Down,이름 입력칸 focus,VERIFIER_FOCUS_CANDIDATE,medium,verifier:focus_state?,VERIFIER_FOCUS_CANDIDATE,"bare focus token, move-vs-verify ambiguous",focus_intent_decision
ALTBASIC_CNT_054,doc/[THOR 2] ALT Basic Test Case_FULL.xlsx,press_key:1. 전화 번호 입력칸 focus > Press Down,전화 번호 입력칸 focus,VERIFIER_FOCUS_CANDIDATE,medium,verifier:focus_state?,VERIFIER_FOCUS_CANDIDATE,"bare focus token, move-vs-verify ambiguous",focus_intent_decision
ALTBASIC_CNT_055,doc/[THOR 2] ALT Basic Test Case_FULL.xlsx,press_key:1. 메일 입력칸 focus > Press Down,메일 입력칸 focus,VERIFIER_FOCUS_CANDIDATE,medium,verifier:focus_state?,VERIFIER_FOCUS_CANDIDATE,"bare focus token, move-vs-verify ambiguous",focus_intent_decision
ALTBASIC_CNT_065,doc/[THOR 2] ALT Basic Test Case_FULL.xlsx,press_key:그룹 만들기 텍스트 입력창 focus > Press Down,그룹 만들기 텍스트 입력창 focus,VERIFIER_FOCUS_CANDIDATE,medium,verifier:focus_state?,VERIFIER_FOCUS_CANDIDATE,"bare focus token, move-vs-verify ambiguous",focus_intent_decision
ALTBASIC_CNT_068,doc/[THOR 2] ALT Basic Test Case_FULL.xlsx,press_key:메뉴 focus > Press Right,메뉴 focus,VERIFIER_FOCUS_CANDIDATE,medium,verifier:focus_state?,VERIFIER_FOCUS_CANDIDATE,"bare focus token, move-vs-verify ambiguous",focus_intent_decision
ALTBASIC_CNT_069,doc/[THOR 2] ALT Basic Test Case_FULL.xlsx,press_key:추가 focus > Press Right,추가 focus,VERIFIER_FOCUS_CANDIDATE,medium,verifier:focus_state?,VERIFIER_FOCUS_CANDIDATE,"bare focus token, move-vs-verify ambiguous",focus_intent_decision
ALTBASIC_CNT_070,doc/[THOR 2] ALT Basic Test Case_FULL.xlsx,"press_key:메뉴, 추가, 더보기 focus > Press Down","메뉴, 추가, 더보기 focus",VERIFIER_FOCUS_CANDIDATE,medium,verifier:focus_state?,VERIFIER_FOCUS_CANDIDATE,"bare focus token, move-vs-verify ambiguous",focus_intent_decision
ALTBASIC_CNT_072,doc/[THOR 2] ALT Basic Test Case_FULL.xlsx,press_key:뒤로가기 focus > Press Right,뒤로가기 focus,VERIFIER_FOCUS_CANDIDATE,medium,verifier:focus_state?,VERIFIER_FOCUS_CANDIDATE,"bare focus token, move-vs-verify ambiguous",focus_intent_decision
ALTBASIC_CNT_077,doc/[THOR 2] ALT Basic Test Case_FULL.xlsx,press_key:1. 내 정보 focus > Press Up/Down,내 정보 focus,VERIFIER_FOCUS_CANDIDATE,medium,verifier:focus_state?,VERIFIER_FOCUS_CANDIDATE,"bare focus token, move-vs-verify ambiguous",focus_intent_decision
ALTBASIC_CNT_079,doc/[THOR 2] ALT Basic Test Case_FULL.xlsx,press_key:1. 내부 저장소 focus > Press Up,내부 저장소 focus,VERIFIER_FOCUS_CANDIDATE,medium,verifier:focus_state?,VERIFIER_FOCUS_CANDIDATE,"bare focus token, move-vs-verify ambiguous",focus_intent_decision
ALTBASIC_CAM_130,doc/[THOR 2] ALT Basic Test Case_FULL.xlsx,press_key:카메라 > 사진 > 아무 방향키,카메라,SELECTOR_DISCOVERY,low,tap:<selector-discovery>,SELECTOR,bare UI-label / explicit tap target,device_selector_discovery
ALTBASIC_CAM_130,doc/[THOR 2] ALT Basic Test Case_FULL.xlsx,press_key:카메라 > 사진 > 아무 방향키,사진,SELECTOR_DISCOVERY,low,tap:<selector-discovery>,SELECTOR,bare UI-label / explicit tap target,device_selector_discovery
ALTBASIC_CAM_131,doc/[THOR 2] ALT Basic Test Case_FULL.xlsx,press_key:카메라 > 사진 > 아무 방향키 > press_key:UP 방향키,카메라,SELECTOR_DISCOVERY,low,tap:<selector-discovery>,SELECTOR,bare UI-label / explicit tap target,device_selector_discovery
ALTBASIC_CAM_131,doc/[THOR 2] ALT Basic Test Case_FULL.xlsx,press_key:카메라 > 사진 > 아무 방향키 > press_key:UP 방향키,사진,SELECTOR_DISCOVERY,low,tap:<selector-discovery>,SELECTOR,bare UI-label / explicit tap target,device_selector_discovery
ALTBASIC_CAM_132,doc/[THOR 2] ALT Basic Test Case_FULL.xlsx,navigate:카메라 > 사진 > 아무 방향키 > press_key:UP 방향키 > press_key:UP방향키,사진,SELECTOR_DISCOVERY,low,tap:<selector-discovery>,SELECTOR,bare UI-label / explicit tap target,device_selector_discovery
ALTBASIC_CAM_133,doc/[THOR 2] ALT Basic Test Case_FULL.xlsx,navigate:카메라 > 사진 > 아무 방향키 > press_key:UP 방향키 > press_key:UP방향키 > press_key:UP 방향키,사진,SELECTOR_DISCOVERY,low,tap:<selector-discovery>,SELECTOR,bare UI-label / explicit tap target,device_selector_discovery
ALTBASIC_CAM_134,doc/[THOR 2] ALT Basic Test Case_FULL.xlsx,navigate:카메라 > 사진 > 아무 방향키 > press_key:UP 방향키 > press_key:UP방향키 > press_key:UP 방향키 > press_key:Right 방향키,사진,SELECTOR_DISCOVERY,low,tap:<selector-discovery>,SELECTOR,bare UI-label / explicit tap target,device_selector_discovery
ALTBASIC_CAM_135,doc/[THOR 2] ALT Basic Test Case_FULL.xlsx,navigate:카메라 > 사진 > 아무 방향키 > press_key:UP 방향키 > press_key:UP방향키 > press_key:UP방향키,사진,SELECTOR_DISCOVERY,low,tap:<selector-discovery>,SELECTOR,bare UI-label / explicit tap target,device_selector_discovery
ALTBASIC_CAM_136,doc/[THOR 2] ALT Basic Test Case_FULL.xlsx,navigate:카메라 > 사진 > 아무 방향키 > press_key:UP 방향키 > press_key:UP방향키 > press_key:UP방향키 > press_key:Right 방향키,사진,SELECTOR_DISCOVERY,low,tap:<selector-discovery>,SELECTOR,bare UI-label / explicit tap target,device_selector_discovery
ALTBASIC_CAM_137,doc/[THOR 2] ALT Basic Test Case_FULL.xlsx,navigate:카메라 > 사진 > 아무 방향키 > press_key:UP 방향키 > press_key:UP방향키 > press_key:UP방향키 > press_key:Right 방향키 > press_key:Down 방향키,사진,SELECTOR_DISCOVERY,low,tap:<selector-discovery>,SELECTOR,bare UI-label / explicit tap target,device_selector_discovery
ALTBASIC_CAM_146,doc/[THOR 2] ALT Basic Test Case_FULL.xlsx,navigate:카메라 > 사진 > 아무 방향키 > press_key:UP 방향키,사진,SELECTOR_DISCOVERY,low,tap:<selector-discovery>,SELECTOR,bare UI-label / explicit tap target,device_selector_discovery
ALTBASIC_CAM_147,doc/[THOR 2] ALT Basic Test Case_FULL.xlsx,navigate:카메라 > 사진 > 아무 방향키 > press_key:UP 방향키 > press_key:Right 방향키,사진,SELECTOR_DISCOVERY,low,tap:<selector-discovery>,SELECTOR,bare UI-label / explicit tap target,device_selector_discovery
ALTBASIC_CAM_157,doc/[THOR 2] ALT Basic Test Case_FULL.xlsx,navigate:카메라 > 사진 > 아무 방향키,사진,SELECTOR_DISCOVERY,low,tap:<selector-discovery>,SELECTOR,bare UI-label / explicit tap target,device_selector_discovery
ALTBASIC_CAM_158,doc/[THOR 2] ALT Basic Test Case_FULL.xlsx,navigate:카메라 > 사진 > 아무 방향키 > press_key:Left 방향키 > press_key:UP방향키,사진,SELECTOR_DISCOVERY,low,tap:<selector-discovery>,SELECTOR,bare UI-label / explicit tap target,device_selector_discovery
ALTBASIC_CAM_163,doc/[THOR 2] ALT Basic Test Case_FULL.xlsx,navigate:카메라 > 사진 > 아무 방향키 > press_key:Up 방향키,사진,SELECTOR_DISCOVERY,low,tap:<selector-discovery>,SELECTOR,bare UI-label / explicit tap target,device_selector_discovery
ALTBASIC_CAM_164,doc/[THOR 2] ALT Basic Test Case_FULL.xlsx,navigate:카메라 > 사진 > 아무 방향키 > press_key:Left 방향키,사진,SELECTOR_DISCOVERY,low,tap:<selector-discovery>,SELECTOR,bare UI-label / explicit tap target,device_selector_discovery
ALTBASIC_CAM_166,doc/[THOR 2] ALT Basic Test Case_FULL.xlsx,navigate:카메라 > 사진 > 아무 방향키 > press_key:Left 방향키 > press_key:Left 방향키,사진,SELECTOR_DISCOVERY,low,tap:<selector-discovery>,SELECTOR,bare UI-label / explicit tap target,device_selector_discovery
ALTBASIC_CAM_167,doc/[THOR 2] ALT Basic Test Case_FULL.xlsx,navigate:카메라 > 사진 > 아무 방향키 > press_key:Left 방향키 > press_key:Left 방향키 > press_key:UP 방향키,사진,SELECTOR_DISCOVERY,low,tap:<selector-discovery>,SELECTOR,bare UI-label / explicit tap target,device_selector_discovery
ALTBASIC_CAM_174,doc/[THOR 2] ALT Basic Test Case_FULL.xlsx,navigate:카메라 > 사진 > 아무 방향키 > press_key:Left 방향키 > press_key:Left 방향키 > press_key:Left 방향키,사진,SELECTOR_DISCOVERY,low,tap:<selector-discovery>,SELECTOR,bare UI-label / explicit tap target,device_selector_discovery
ALTBASIC_CAM_175,doc/[THOR 2] ALT Basic Test Case_FULL.xlsx,navigate:카메라 > 사진 > 아무 방향키 > press_key:Left 방향키 > press_key:Left 방향키 > press_key:Left 방향키 > press_key:Down 방향키,사진,SELECTOR_DISCOVERY,low,tap:<selector-discovery>,SELECTOR,bare UI-label / explicit tap target,device_selector_discovery
ALTBASIC_CLK_001,doc/[THOR 2] ALT Basic Test Case_FULL.xlsx,press_key:시계 > Press Any Direction,시계,SELECTOR_DISCOVERY,low,tap:<selector-discovery>,SELECTOR,bare UI-label / explicit tap target,device_selector_discovery
ALTBASIC_CLK_002,doc/[THOR 2] ALT Basic Test Case_FULL.xlsx,press_key:알람 탭 내 임의의 위치에 포커스 > Keep Press Up,알람 탭 내 임의의 위치에 포커스,VERIFIER_FOCUS_STATE,high,verifier:focus_state,VERIFIER_FOCUS,focus token + state/observe marker,screen_verifier_decision
ALTBASIC_CLK_003,doc/[THOR 2] ALT Basic Test Case_FULL.xlsx,press_key:시계 > Press Any Direction > Press Down,시계,SELECTOR_DISCOVERY,low,tap:<selector-discovery>,SELECTOR,bare UI-label / explicit tap target,device_selector_discovery
ALTBASIC_CLK_004,doc/[THOR 2] ALT Basic Test Case_FULL.xlsx,press_key:시계 > Press Any Direction > Press Down > Press Down,시계,SELECTOR_DISCOVERY,low,tap:<selector-discovery>,SELECTOR,bare UI-label / explicit tap target,device_selector_discovery
ALTBASIC_CLK_005,doc/[THOR 2] ALT Basic Test Case_FULL.xlsx,press_key:시계 > Press Any Direction > Press Down > Press Down > Press Right,시계,SELECTOR_DISCOVERY,low,tap:<selector-discovery>,SELECTOR,bare UI-label / explicit tap target,device_selector_discovery
ALTBASIC_CLK_009,doc/[THOR 2] ALT Basic Test Case_FULL.xlsx,press_key:시계 > 세계시각 > Press Any Direction,시계,SELECTOR_DISCOVERY,low,tap:<selector-discovery>,SELECTOR,bare UI-label / explicit tap target,device_selector_discovery
ALTBASIC_CLK_009,doc/[THOR 2] ALT Basic Test Case_FULL.xlsx,press_key:시계 > 세계시각 > Press Any Direction,세계시각,SELECTOR_DISCOVERY,low,tap:<selector-discovery>,SELECTOR,bare UI-label / explicit tap target,device_selector_discovery
ALTBASIC_CLK_010,doc/[THOR 2] ALT Basic Test Case_FULL.xlsx,press_key:시계 > 세계시각 > Press Any Direction > press_key:Press OK,시계,SELECTOR_DISCOVERY,low,tap:<selector-discovery>,SELECTOR,bare UI-label / explicit tap target,device_selector_discovery
ALTBASIC_CLK_010,doc/[THOR 2] ALT Basic Test Case_FULL.xlsx,press_key:시계 > 세계시각 > Press Any Direction > press_key:Press OK,세계시각,SELECTOR_DISCOVERY,low,tap:<selector-discovery>,SELECTOR,bare UI-label / explicit tap target,device_selector_discovery
ALTBASIC_CLK_015,doc/[THOR 2] ALT Basic Test Case_FULL.xlsx,navigate:시계 > 타이머 > press_key:Press Any Direction,타이머,SELECTOR_DISCOVERY,low,tap:<selector-discovery>,SELECTOR,bare UI-label / explicit tap target,device_selector_discovery
ALTBASIC_CLK_017,doc/[THOR 2] ALT Basic Test Case_FULL.xlsx,press_key:1. 시계 > 타이머 > Press Any Direction > Press Right > press_key:2. 시계 > 타이머 > Press Any Direction > Press Left,시계,SELECTOR_DISCOVERY,low,tap:<selector-discovery>,SELECTOR,bare UI-label / explicit tap target,device_selector_discovery
ALTBASIC_CLK_017,doc/[THOR 2] ALT Basic Test Case_FULL.xlsx,press_key:1. 시계 > 타이머 > Press Any Direction > Press Right > press_key:2. 시계 > 타이머 > Press Any Direction > Press Left,타이머,SELECTOR_DISCOVERY,low,tap:<selector-discovery>,SELECTOR,bare UI-label / explicit tap target,device_selector_discovery
ALTBASIC_CLK_017,doc/[THOR 2] ALT Basic Test Case_FULL.xlsx,press_key:1. 시계 > 타이머 > Press Any Direction > Press Right > press_key:2. 시계 > 타이머 > Press Any Direction > Press Left,시계,SELECTOR_DISCOVERY,low,tap:<selector-discovery>,SELECTOR,bare UI-label / explicit tap target,device_selector_discovery
ALTBASIC_CLK_017,doc/[THOR 2] ALT Basic Test Case_FULL.xlsx,press_key:1. 시계 > 타이머 > Press Any Direction > Press Right > press_key:2. 시계 > 타이머 > Press Any Direction > Press Left,타이머,SELECTOR_DISCOVERY,low,tap:<selector-discovery>,SELECTOR,bare UI-label / explicit tap target,device_selector_discovery
ALTBASIC_CLK_018,doc/[THOR 2] ALT Basic Test Case_FULL.xlsx,press_key:시계 > 타이머 > Press Any Direction > Press Right > Press Right,시계,SELECTOR_DISCOVERY,low,tap:<selector-discovery>,SELECTOR,bare UI-label / explicit tap target,device_selector_discovery
ALTBASIC_CLK_018,doc/[THOR 2] ALT Basic Test Case_FULL.xlsx,press_key:시계 > 타이머 > Press Any Direction > Press Right > Press Right,타이머,SELECTOR_DISCOVERY,low,tap:<selector-discovery>,SELECTOR,bare UI-label / explicit tap target,device_selector_discovery
ALTBASIC_CLK_019,doc/[THOR 2] ALT Basic Test Case_FULL.xlsx,press_key:1. 시계 > 타이머 > Press Any Direction > Keep Press Down > press_key:2. 시계 > 타이머 > Press Any Direction > Keep Press Up,시계,SELECTOR_DISCOVERY,low,tap:<selector-discovery>,SELECTOR,bare UI-label / explicit tap target,device_selector_discovery
ALTBASIC_CLK_019,doc/[THOR 2] ALT Basic Test Case_FULL.xlsx,press_key:1. 시계 > 타이머 > Press Any Direction > Keep Press Down > press_key:2. 시계 > 타이머 > Press Any Direction > Keep Press Up,타이머,SELECTOR_DISCOVERY,low,tap:<selector-discovery>,SELECTOR,bare UI-label / explicit tap target,device_selector_discovery
ALTBASIC_CLK_019,doc/[THOR 2] ALT Basic Test Case_FULL.xlsx,press_key:1. 시계 > 타이머 > Press Any Direction > Keep Press Down > press_key:2. 시계 > 타이머 > Press Any Direction > Keep Press Up,시계,SELECTOR_DISCOVERY,low,tap:<selector-discovery>,SELECTOR,bare UI-label / explicit tap target,device_selector_discovery
ALTBASIC_CLK_019,doc/[THOR 2] ALT Basic Test Case_FULL.xlsx,press_key:1. 시계 > 타이머 > Press Any Direction > Keep Press Down > press_key:2. 시계 > 타이머 > Press Any Direction > Keep Press Up,타이머,SELECTOR_DISCOVERY,low,tap:<selector-discovery>,SELECTOR,bare UI-label / explicit tap target,device_selector_discovery
ALTBASIC_CLK_026,doc/[THOR 2] ALT Basic Test Case_FULL.xlsx,press_key:시계 > 스톱워치 > Press Any Direction,시계,SELECTOR_DISCOVERY,low,tap:<selector-discovery>,SELECTOR,bare UI-label / explicit tap target,device_selector_discovery
ALTBASIC_CLK_026,doc/[THOR 2] ALT Basic Test Case_FULL.xlsx,press_key:시계 > 스톱워치 > Press Any Direction,스톱워치,SELECTOR_DISCOVERY,low,tap:<selector-discovery>,SELECTOR,bare UI-label / explicit tap target,device_selector_discovery
ALTBASIC_MGN_002,doc/[THOR 2] ALT Basic Test Case_FULL.xlsx,press_key:홈 화면에서 Hardkey로 돋보기 앱 진입 > wait:Focus 확인,홈 화면에서 Hardkey로 돋보기 앱 진입,VERIFIER_SCREEN_PRESENT,medium,verifier:screen_present,VERIFIER_SCREEN,"screen/state reference, no focus",screen_verifier_decision
ALTBASIC_MGN_002,doc/[THOR 2] ALT Basic Test Case_FULL.xlsx,press_key:홈 화면에서 Hardkey로 돋보기 앱 진입 > wait:Focus 확인,Focus 확인,VERIFIER_FOCUS_STATE,high,verifier:focus_state,VERIFIER_FOCUS,focus token + state/observe marker,screen_verifier_decision
ALTBASIC_PDM_041,doc/[THOR 2] ALT Basic Test Case_FULL.xlsx,navigate:1. Pedometer app 실행 > 뒤로가기 focus된 상태 > press_key:2. Press down(하드키),뒤로가기 focus된 상태,VERIFIER_FOCUS_STATE,high,verifier:focus_state,VERIFIER_FOCUS,focus token + state/observe marker,screen_verifier_decision
ALTBASIC_PDM_042,doc/[THOR 2] ALT Basic Test Case_FULL.xlsx,navigate:1. Pedometer app 실행 > 키 focus된 상태 > press_key:2. Press down(하드키),키 focus된 상태,VERIFIER_FOCUS_STATE,high,verifier:focus_state,VERIFIER_FOCUS,focus token + state/observe marker,screen_verifier_decision
ALTBASIC_PDM_043,doc/[THOR 2] ALT Basic Test Case_FULL.xlsx,navigate:1. Pedometer app 실행 > 몸무게 focus된 상태 > press_key:2. Press down(하드키),몸무게 focus된 상태,VERIFIER_FOCUS_STATE,high,verifier:focus_state,VERIFIER_FOCUS,focus token + state/observe marker,screen_verifier_decision
ALTBASIC_PDM_044,doc/[THOR 2] ALT Basic Test Case_FULL.xlsx,navigate:1. Pedometer app 실행 > 성별 focus된 상태 > press_key:2. Press down(하드키),성별 focus된 상태,VERIFIER_FOCUS_STATE,high,verifier:focus_state,VERIFIER_FOCUS,focus token + state/observe marker,screen_verifier_decision
ALTBASIC_PFW_010,doc/[THOR 2] ALT Basic Test Case_FULL.xlsx,press_key:1. 포토 슬라이드쇼에 포커싱 활성화 > 왼쪽 버튼 누름 > press_key:2. 오른쪽 버튼 누름 > press_key:3. 위쪽 버튼 누름,포토 슬라이드쇼에 포커싱 활성화,VERIFIER_FOCUS_CANDIDATE,medium,verifier:focus_state?,VERIFIER_FOCUS_CANDIDATE,"bare focus token, move-vs-verify ambiguous",focus_intent_decision
ALTBASIC_PFW_011,doc/[THOR 2] ALT Basic Test Case_FULL.xlsx,press_key:1. 왼쪽 화살표에 포커싱 > 왼쪽 버튼 누름 > press_key:2. 왼쪽 화살표에 포커싱 > 위쪽 버튼 누름 > press_key:3. 우측 상단 '설정' 아이콘에 포커싱 > 위쪽 버튼 누름 > press_key:4. 왼쪽 화살표에 포커싱 > 아래쪽 버튼 누름,왼쪽 화살표에 포커싱,VERIFIER_FOCUS_CANDIDATE,medium,verifier:focus_state?,VERIFIER_FOCUS_CANDIDATE,"bare focus token, move-vs-verify ambiguous",focus_intent_decision
ALTBASIC_PFW_011,doc/[THOR 2] ALT Basic Test Case_FULL.xlsx,press_key:1. 왼쪽 화살표에 포커싱 > 왼쪽 버튼 누름 > press_key:2. 왼쪽 화살표에 포커싱 > 위쪽 버튼 누름 > press_key:3. 우측 상단 '설정' 아이콘에 포커싱 > 위쪽 버튼 누름 > press_key:4. 왼쪽 화살표에 포커싱 > 아래쪽 버튼 누름,왼쪽 화살표에 포커싱,VERIFIER_FOCUS_CANDIDATE,medium,verifier:focus_state?,VERIFIER_FOCUS_CANDIDATE,"bare focus token, move-vs-verify ambiguous",focus_intent_decision
ALTBASIC_PFW_011,doc/[THOR 2] ALT Basic Test Case_FULL.xlsx,press_key:1. 왼쪽 화살표에 포커싱 > 왼쪽 버튼 누름 > press_key:2. 왼쪽 화살표에 포커싱 > 위쪽 버튼 누름 > press_key:3. 우측 상단 '설정' 아이콘에 포커싱 > 위쪽 버튼 누름 > press_key:4. 왼쪽 화살표에 포커싱 > 아래쪽 버튼 누름,우측 상단 '설정' 아이콘에 포커싱,VERIFIER_FOCUS_CANDIDATE,medium,verifier:focus_state?,VERIFIER_FOCUS_CANDIDATE,"bare focus token, move-vs-verify ambiguous",focus_intent_decision
ALTBASIC_PFW_011,doc/[THOR 2] ALT Basic Test Case_FULL.xlsx,press_key:1. 왼쪽 화살표에 포커싱 > 왼쪽 버튼 누름 > press_key:2. 왼쪽 화살표에 포커싱 > 위쪽 버튼 누름 > press_key:3. 우측 상단 '설정' 아이콘에 포커싱 > 위쪽 버튼 누름 > press_key:4. 왼쪽 화살표에 포커싱 > 아래쪽 버튼 누름,왼쪽 화살표에 포커싱,VERIFIER_FOCUS_CANDIDATE,medium,verifier:focus_state?,VERIFIER_FOCUS_CANDIDATE,"bare focus token, move-vs-verify ambiguous",focus_intent_decision
ALTBASIC_PFW_022,doc/[THOR 2] ALT Basic Test Case_FULL.xlsx,press_key:1. Photo sildeshow 편집 > 뒤로가기 포커스 > Press right,뒤로가기 포커스,VERIFIER_FOCUS_CANDIDATE,medium,verifier:focus_state?,VERIFIER_FOCUS_CANDIDATE,"bare focus token, move-vs-verify ambiguous",focus_intent_decision
ALTBASIC_SST_008,doc/[THOR 2] ALT Basic Test Case_FULL.xlsx,press_key:쉬운 설정 > Press 방향키 or OK,쉬운 설정,SELECTOR_DISCOVERY,low,tap:<selector-discovery>,SELECTOR,bare UI-label / explicit tap target,device_selector_discovery
ALTBASIC_SST_013,doc/[THOR 2] ALT Basic Test Case_FULL.xlsx,tap:방향키로 Simple setting > 배경화면 및 스타일 tap,배경화면 및 스타일 tap,VERIFIER_SCREEN_PRESENT,medium,verifier:screen_present,VERIFIER_SCREEN,"screen/state reference, no focus",screen_verifier_decision
ALTBASIC_SST_014,doc/[THOR 2] ALT Basic Test Case_FULL.xlsx,tap:방향키로 Simple setting > 디스플레이 tap,디스플레이 tap,SELECTOR_DISCOVERY,low,tap:<selector-discovery>,SELECTOR,bare UI-label / explicit tap target,device_selector_discovery
ALTBASIC_SST_015,doc/[THOR 2] ALT Basic Test Case_FULL.xlsx,tap:방향키로 Simple setting > 안심기능 tap,안심기능 tap,SELECTOR_DISCOVERY,low,tap:<selector-discovery>,SELECTOR,bare UI-label / explicit tap target,device_selector_discovery
ALTBASIC_SST_016,doc/[THOR 2] ALT Basic Test Case_FULL.xlsx,tap:방향키로 Simple setting > 안전 및 긴급 상황 tap,안전 및 긴급 상황 tap,MANUAL_RETAIN,low,(manual),BLOCKER,truncated or sensitive phrase,manual_review
