tc_id,baseline,tier0,tier1,tier2,tier0_screen,tier0_focus_candidate,tier0_adjudicate,optimistic_upper_bound
ALTBASIC_BSC_014,True,True,True,True,True,True,True,True
ALTBASIC_BSC_015,True,True,True,True,True,True,True,True
ALTBASIC_BSC_017,True,True,True,True,True,True,True,True
ALTBASIC_BSC_018,False,False,False,True,False,False,False,True
ALTBASIC_BSC_019,True,True,True,True,True,True,True,True
ALTBASIC_BSC_025,False,False,False,True,False,False,False,True
ALTBASIC_BSC_031,False,False,False,True,False,False,False,True
ALTBASIC_BSC_071,False,False,False,False,False,False,False,False
ALTBASIC_BSC_072,False,False,False,False,False,False,False,False
ALTBASIC_BSC_073,False,False,False,False,False,False,False,False
ALTBASIC_BSC_120,False,False,True,True,False,False,False,True
ALTBASIC_BSC_121,False,False,False,True,False,False,False,True
ALTBASIC_BSC_124,False,False,False,False,False,False,False,False
ALTBASIC_HDK_016,False,False,False,True,False,False,False,True
ALTBASIC_HDK_019,False,False,False,True,False,False,False,True
ALTBASIC_HDK_021,False,False,False,True,False,False,False,True
ALTBASIC_HDK_022,False,False,False,True,False,False,False,True
ALTBASIC_HDK_023,False,False,False,True,False,False,False,True
ALTBASIC_HDK_035,False,False,False,True,False,False,False,True
ALTBASIC_HDK_036,False,False,False,True,False,False,False,True
ALTBASIC_HDK_037,False,False,False,True,False,False,False,True
ALTBASIC_HDK_038,False,False,False,True,False,False,False,True
ALTBASIC_HDK_041,False,False,False,False,False,False,True,True
ALTBASIC_HDK_042,False,False,False,False,False,False,True,True
ALTBASIC_HDK_046,False,False,False,False,False,False,True,True
ALTBASIC_HDK_050,False,False,False,True,False,False,False,True
ALTBASIC_HDK_052,False,False,False,False,False,False,False,False
ALTBASIC_HDK_053,False,False,False,False,False,False,False,False
ALTBASIC_HDK_054,False,False,False,False,False,False,False,False
ALTBASIC_HDK_055,False,False,False,False,False,False,True,True
ALTBASIC_HDK_056,False,False,False,False,False,False,True,True
ALTBASIC_HDK_062,False,False,False,False,False,False,True,True
ALTBASIC_HDK_064,False,False,False,False,False,False,True,True
ALTBASIC_HDK_070,False,False,False,False,False,False,False,True
ALTBASIC_HDK_094,False,False,False,False,False,False,True,True
ALTBASIC_HDK_096,False,False,False,False,False,False,True,True
ALTBASIC_HDK_097,False,False,False,False,False,False,True,True
ALTBASIC_HDK_098,False,False,False,False,False,False,True,True
ALTBASIC_HDK_099,False,False,False,False,False,False,True,True
ALTBASIC_HDK_100,False,False,False,False,False,False,True,True
ALTBASIC_HDK_101,False,False,False,False,False,False,True,True
ALTBASIC_HDK_102,False,False,False,False,False,False,True,True
ALTBASIC_QPN_001,False,False,True,True,False,False,False,True
ALTBASIC_QPN_002,False,False,True,True,False,False,False,True
ALTBASIC_QPN_004,False,False,True,True,False,False,False,True
ALTBASIC_QPN_008,False,False,False,True,False,False,False,True
ALTBASIC_QPN_010,False,False,False,True,False,False,False,True
ALTBASIC_QPN_011,False,False,False,True,False,False,False,True
ALTBASIC_QPN_012,False,False,False,False,False,False,False,False
ALTBASIC_QPN_026,False,False,False,False,False,False,False,False
ALTBASIC_QPN_043,False,False,False,False,False,False,False,True
ALTBASIC_QPN_044,False,False,False,False,False,False,False,True
ALTBASIC_QPN_053,False,False,False,False,False,False,False,False
ALTBASIC_QPN_056,False,False,False,False,False,False,False,False
ALTBASIC_QPN_066,False,False,False,False,False,False,False,False
ALTBASIC_QPN_102,False,False,False,False,False,False,False,False
ALTBASIC_QPN_116,False,False,True,True,False,False,False,True
ALTBASIC_QPN_121,False,False,False,False,False,False,False,False
ALTBASIC_QPN_122,False,False,False,False,False,False,False,False
ALTBASIC_QPN_123,False,False,False,False,False,True,False,True
ALTBASIC_QPN_124,False,False,False,False,False,True,False,True
ALTBASIC_QPN_125,False,False,False,False,False,True,False,True
ALTBASIC_QPN_130,False,False,False,False,False,True,False,True
ALTBASIC_QPN_131,False,False,False,False,False,True,False,True
ALTBASIC_QPN_133,False,False,False,False,False,False,False,True
ALTBASIC_QPN_134,False,False,False,False,False,True,False,True
ALTBASIC_QPN_135,False,False,False,False,False,True,False,True
ALTBASIC_QPN_137,False,False,False,False,False,True,False,True
ALTBASIC_QPN_138,False,False,False,False,False,True,False,True
ALTBASIC_QPN_140,False,False,False,False,False,True,False,True
ALTBASIC_QPN_141,False,False,False,False,False,True,False,True
ALTBASIC_QPN_142,False,False,False,False,False,False,False,True
ALTBASIC_QPN_145,False,False,False,False,False,False,False,True
ALTBASIC_QPN_146,False,False,False,False,False,False,False,True
ALTBASIC_QPN_149,False,False,False,False,False,False,False,True
ALTBASIC_QPN_153,False,False,False,False,False,False,False,True
ALTBASIC_QPN_155,False,False,False,False,False,False,False,True
ALTBASIC_QPN_157,False,False,False,False,False,True,False,True
ALTBASIC_QPN_158,False,False,False,False,False,True,False,True
ALTBASIC_QPN_159,False,False,False,False,False,True,False,True
ALTBASIC_QPN_163,False,False,False,False,False,True,False,True
ALTBASIC_QPN_165,False,False,False,False,False,True,False,True
ALTBASIC_QPN_167,False,False,False,False,False,True,False,True
ALTBASIC_QPN_168,False,False,False,False,False,True,False,True
ALTBASIC_QPN_175,False,False,False,False,False,True,False,True
ALTBASIC_QPN_176,False,False,False,False,False,True,False,True
ALTBASIC_SFT_054,False,False,False,True,False,False,False,True
ALTBASIC_SFT_055,False,False,False,True,False,False,False,True
ALTBASIC_TLK_001,False,False,False,True,False,False,False,True
ALTBASIC_SET_090,False,False,True,True,False,False,False,True
ALTBASIC_SET_091,False,False,True,True,False,False,False,True
ALTBASIC_SET_123,False,False,False,True,False,False,False,True
ALTBASIC_SET_256,False,False,True,True,False,False,False,True
ALTBASIC_SET_273,False,False,True,True,False,False,False,True
ALTBASIC_SET_602,False,False,True,True,False,False,False,True
ALTBASIC_SET_610,False,False,True,True,False,False,False,True
ALTBASIC_SET_651,False,False,True,True,False,False,False,True
ALTBASIC_SET_972,False,False,True,True,False,False,False,True
ALTBASIC_SET_977,False,False,True,True,False,False,False,True
ALTBASIC_SET_985,False,False,True,True,False,False,False,True
ALTBASIC_SET_987,False,False,True,True,False,False,False,True
ALTBASIC_LCH_001,False,False,False,True,False,False,False,True
ALTBASIC_LCH_002,False,False,False,True,False,False,False,True
ALTBASIC_LCH_006,False,False,False,False,False,False,False,True
ALTBASIC_LCH_010,False,False,False,False,False,False,False,True
ALTBASIC_LCH_011,False,False,False,False,False,False,False,True
ALTBASIC_LCH_016,False,False,False,False,False,False,False,True
ALTBASIC_LCH_017,False,False,False,False,False,False,False,True
ALTBASIC_LCH_018,False,False,False,False,False,False,False,True
ALTBASIC_LCH_019,False,False,False,False,False,False,False,True
ALTBASIC_LCH_020,False,False,False,False,False,False,False,True
ALTBASIC_LCH_021,False,False,False,False,False,False,False,False
ALTBASIC_LCH_022,False,False,False,False,False,False,False,True
ALTBASIC_LCH_023,False,False,False,False,False,False,False,True
ALTBASIC_LCH_024,False,False,False,False,False,False,False,True
ALTBASIC_LCH_026,False,False,False,False,False,False,False,True
ALTBASIC_LCH_027,False,False,False,False,False,False,True,True
ALTBASIC_LCH_029,False,False,False,False,False,False,True,True
ALTBASIC_LCH_030,False,False,False,False,False,False,True,True
ALTBASIC_LCH_042,False,False,False,False,False,False,False,True
ALTBASIC_LCH_044,False,False,False,False,False,False,False,True
ALTBASIC_LCH_045,False,False,False,False,False,False,False,True
ALTBASIC_LCH_046,False,False,False,False,False,False,False,True
ALTBASIC_LCH_047,False,False,False,False,False,False,False,True
ALTBASIC_LCH_048,False,False,False,False,False,False,False,True
ALTBASIC_LCH_049,False,False,False,False,False,False,False,True
ALTBASIC_LCH_050,False,False,False,False,False,False,False,True
ALTBASIC_LCH_144,False,False,False,False,False,False,False,False
ALTBASIC_LCH_145,False,False,False,False,False,False,False,False
ALTBASIC_LCH_146,False,False,False,False,False,False,False,False
ALTBASIC_LCH_153,False,False,False,False,False,True,False,True
ALTBASIC_LCH_154,False,False,False,False,False,True,False,True
ALTBASIC_LCH_158,False,False,False,False,False,False,False,False
ALTBASIC_LCH_159,False,False,False,False,False,False,False,False
ALTBASIC_LCH_160,False,False,False,False,False,False,False,False
ALTBASIC_LCH_161,False,False,False,False,False,False,False,False
ALTBASIC_LCH_241,False,False,False,True,False,False,False,True
ALTBASIC_CAL_291,False,False,True,True,False,False,False,True
ALTBASIC_CAL_293,False,False,True,True,False,False,False,True
ALTBASIC_CAL_294,False,False,True,True,False,False,False,True
ALTBASIC_CAL_326,False,False,True,True,False,False,False,True
ALTBASIC_CAL_327,False,False,True,True,False,False,False,True
ALTBASIC_CAL_328,False,False,True,True,False,False,False,True
ALTBASIC_CAL_331,False,False,True,True,False,False,False,True
ALTBASIC_CAL_332,False,False,True,True,False,False,False,True
ALTBASIC_CAL_333,False,False,True,True,False,False,False,True
ALTBASIC_CAL_334,False,False,True,True,False,False,False,True
ALTBASIC_CAL_336,False,False,True,True,False,False,False,True
ALTBASIC_CAL_337,False,False,True,True,False,False,False,True
ALTBASIC_CAL_339,False,False,True,True,False,False,False,True
ALTBASIC_CAL_340,False,False,True,True,False,False,False,True
ALTBASIC_CAL_341,False,False,True,True,False,False,False,True
ALTBASIC_CAL_353,False,False,True,True,False,False,False,True
ALTBASIC_CAL_354,False,False,False,False,False,True,False,True
ALTBASIC_CAL_356,False,False,False,True,False,False,False,True
ALTBASIC_CAL_357,False,False,False,True,False,False,False,True
ALTBASIC_MSG_068,False,False,False,False,False,False,False,True
ALTBASIC_MSG_073,False,False,True,True,False,False,False,True
ALTBASIC_MSG_074,False,False,True,True,False,False,False,True
ALTBASIC_MSG_075,False,False,False,False,False,False,False,True
ALTBASIC_MSG_076,False,False,False,False,False,False,False,True
ALTBASIC_MSG_080,False,False,False,False,False,False,False,False
ALTBASIC_MSG_081,False,False,True,True,False,False,False,True
ALTBASIC_MSG_082,False,False,True,True,False,False,False,True
ALTBASIC_CNT_002,False,False,True,True,False,False,False,True
ALTBASIC_CNT_003,False,False,False,False,False,True,False,True
ALTBASIC_CNT_004,False,False,False,False,False,True,False,True
ALTBASIC_CNT_005,False,False,False,False,False,True,False,True
ALTBASIC_CNT_006,False,False,False,False,False,True,False,True
ALTBASIC_CNT_048,False,False,False,False,False,True,False,True
ALTBASIC_CNT_049,False,False,False,False,False,True,False,True
ALTBASIC_CNT_050,False,False,False,False,False,True,False,True
ALTBASIC_CNT_053,False,False,False,False,False,True,False,True
ALTBASIC_CNT_054,False,False,False,False,False,True,False,True
ALTBASIC_CNT_055,False,False,False,False,False,True,False,True
ALTBASIC_CNT_057,True,True,True,True,True,True,True,True
ALTBASIC_CNT_065,False,False,False,False,False,True,False,True
ALTBASIC_CNT_068,False,False,False,False,False,True,False,True
ALTBASIC_CNT_069,False,False,False,False,False,True,False,True
ALTBASIC_CNT_070,False,False,False,False,False,True,False,True
ALTBASIC_CNT_072,False,False,False,False,False,True,False,True
ALTBASIC_CNT_077,False,False,False,False,False,False,False,False
ALTBASIC_CNT_079,False,False,False,False,False,True,False,True
ALTBASIC_CAM_130,False,False,False,False,False,False,False,False
ALTBASIC_CAM_131,False,False,False,False,False,False,False,False
ALTBASIC_CAM_132,False,False,False,False,False,False,False,False
ALTBASIC_CAM_133,False,False,False,False,False,False,False,False
ALTBASIC_CAM_134,False,False,False,False,False,False,False,False
ALTBASIC_CAM_135,False,False,False,False,False,False,False,False
ALTBASIC_CAM_136,False,False,False,False,False,False,False,False
ALTBASIC_CAM_137,False,False,False,False,False,False,False,False
ALTBASIC_CAM_146,False,False,False,False,False,False,False,False
ALTBASIC_CAM_147,False,False,False,False,False,False,False,False
ALTBASIC_CAM_157,False,False,False,False,False,False,False,False
ALTBASIC_CAM_158,False,False,False,False,False,False,False,False
ALTBASIC_CAM_163,False,False,False,False,False,False,False,False
ALTBASIC_CAM_164,False,False,False,False,False,False,False,False
ALTBASIC_CAM_166,False,False,False,False,False,False,False,False
ALTBASIC_CAM_167,False,False,False,False,False,False,False,False
ALTBASIC_CAM_174,False,False,False,False,False,False,False,False
ALTBASIC_CAM_175,False,False,False,False,False,False,False,False
ALTBASIC_CLK_001,False,False,False,False,False,False,False,False
ALTBASIC_CLK_002,False,True,True,True,True,True,True,True
ALTBASIC_CLK_003,False,False,False,False,False,False,False,False
ALTBASIC_CLK_004,False,False,False,False,False,False,False,False
ALTBASIC_CLK_005,False,False,False,False,False,False,False,False
ALTBASIC_CLK_009,False,False,False,False,False,False,False,False
ALTBASIC_CLK_010,False,False,False,False,False,False,False,False
ALTBASIC_CLK_015,False,False,False,False,False,False,False,False
ALTBASIC_CLK_017,False,False,False,False,False,False,False,False
ALTBASIC_CLK_018,False,False,False,False,False,False,False,False
ALTBASIC_CLK_019,False,False,False,False,False,False,False,False
ALTBASIC_CLK_026,False,False,False,False,False,False,False,False
ALTBASIC_VRC_001,False,False,False,False,False,False,False,False
ALTBASIC_RAD_017,False,False,False,False,False,False,False,False
ALTBASIC_MGN_001,False,False,True,True,False,False,False,True
ALTBASIC_MGN_002,False,False,False,False,False,False,False,False
ALTBASIC_MGN_005,False,False,False,True,False,False,False,True
ALTBASIC_MGN_006,False,False,False,True,False,False,False,True
ALTBASIC_PDM_040,False,False,True,True,False,False,False,True
ALTBASIC_PDM_041,False,False,True,True,False,False,False,True
ALTBASIC_PDM_042,False,False,True,True,False,False,False,True
ALTBASIC_PDM_043,False,False,True,True,False,False,False,True
ALTBASIC_PDM_044,False,False,True,True,False,False,False,True
ALTBASIC_PFW_010,False,False,False,False,False,False,False,True
ALTBASIC_PFW_011,False,False,False,False,False,False,False,True
ALTBASIC_PFW_013,False,False,False,False,False,False,False,False
ALTBASIC_PFW_014,False,False,False,False,False,False,False,False
ALTBASIC_PFW_015,False,False,False,False,False,False,False,False
ALTBASIC_PFW_022,False,False,False,False,False,False,False,False
ALTBASIC_SST_008,False,False,True,True,False,False,False,True
ALTBASIC_SST_012,False,False,False,False,False,False,False,False
ALTBASIC_SST_013,False,False,False,False,False,False,False,True
ALTBASIC_SST_014,False,False,True,True,False,False,False,True
ALTBASIC_SST_015,False,False,True,True,False,False,False,True
ALTBASIC_SST_016,False,False,False,False,False,False,False,False
