index,tc_id,sheet,verdict,salvage_pattern,blocker,reason
0,1.0,1.Basic principle,DEMOTE_DEVICE,none,folder-closed hardware state + negative-only assert (no positive UI element to observe),"Precondition '폴더 닫힘상태' = physical lid-closed hardware state, not establishable device-free; expected '아무런 동작 없음' is pure absence proof on a folder-closed/SubLCD-off surface with no positive element. observe_split cannot manufacture a positive assert; confirming no-op on closed folder needs hardware."
1,4.0,1.Basic principle,DEMOTE_DEVICE,none,folder-closed hardware state + negative-only assert,Identical to TC 1.0 (Volume Down). '폴더 닫힘상태' physical hardware state + '아무런 동작 없음' absence-only assert; observe_split yields no positive element to fix device-free.
2,29.0,1.Basic principle,DEMOTE_DEVICE,none,—,"Folder-open is the standard operational state; number keyevent from home deterministically opens dialer with the digit shown — no prior data dependence, no SIM/carrier (dialer UI opens offline, number never dialed), input is transient/reversible (clear/back) with no persistent mutation. Positive element exists (dialer activity + digit literal), so a presence/focus contract (selector PENDING_F0) is designable; transient_input genuinely neutralizes the original '입력 부작용'."
3,32.0,1.Basic principle,DEMOTE_DEVICE,none,—,"Same shape as 29.0: '*' keyevent opens dialer and inserts '*' — deterministic, no fixture/data dependence, no carrier/SIM (no call placed), digit transient and reversible, positive element (dialer + '*'). transient_input resolves the input side-effect."
4,35.0,1.Basic principle,DEMOTE_DEVICE,none,—,"Same shape as 29.0/32.0: '#' keyevent opens dialer and inserts '#' — deterministic, no fixture, no carrier/SIM, transient/reversible input, positive element present. transient_input neutralizes the side-effect."
5,46.0,1.Basic principle,DEMOTE_DEVICE,none,unbound variable focus target (home layout dependent); 'launch focused app' has no device-free stable positive contract,"Expected '포커스 위치 앱/기능 실행' targets a gambling-variable focused element dependent on home-launcher layout; the launched app is unbound and could be any app (mutation/fixture/carrier risk). selection_gated can gate only if a benign focused target is deterministically established, which presumes a fixed home layout. No stable positive contract exists for 'whatever-is-focused launches'; binding fundamentally unresolved."
6,47.0,1.Basic principle,DEMOTE_DEVICE,none,unbound variable focus target + settings-entry side-effect,"OK long-press opens the settings/context menu of a variable focused app — same unbound-target problem as 46.0, plus a settings-entry side-effect on an unspecified target. No device-free deterministic positive contract; binding unresolved."
7,52.0,1.Basic principle,DEMOTE_DEVICE,none,time-based auto-dismiss (timing) + volume mutation + lock-screen state,Core assert 'Volume 조절바 3초간 유지되고 사라진다' is time-based auto-dismiss = animation/timing confirmation (explicit DEMOTE_DEVICE class). Procedure also mutates volume (Vol Up) and requires screen-locked state. observe_split could isolate bar-appears but residual is volume mutation + timing.
8,53.0,1.Basic principle,DEMOTE_DEVICE,none,time-based auto-dismiss + volume mutation + lock-screen state,Identical to 52.0 (Volume Down): time-based 3-sec auto-dismiss assert + volume mutation + lock-screen precondition.
9,54.0,1.Basic principle,DEMOTE_DEVICE,none,volume mutation inherent to volume-panel entry + sound-mode selection side-effect,Summoning the volume panel requires a volume keypress = persistent volume mutation (cannot be avoided to observe the focus flow); step3 OK enters the sound-mode selector (소리/진동/무음) creating a mode-selection side-effect. selection_gated cannot remove the inherent volume mutation in the entry path.
10,58.0,1.Basic principle,DEMOTE_DEVICE,none,volume value assert + volume mutation + sound-mode entry,expected2 'Volume 1단계 Down 조절' asserts a system volume VALUE change; procedure mutates volume via Up/Down keys and enters sound mode via OK. observe_split removing the value assert still leaves mandatory volume mutation and dependence on initial volume state.
11,59.0,1.Basic principle,DEMOTE_DEVICE,none,volume mutation + sound-mode selection side-effect,Same as 54.0 (Vol Down path): volume mutation inherent to summoning the panel + OK enters sound-mode selector side-effect. selection_gated cannot eliminate the volume mutation.
12,60.0,1.Basic principle,DEMOTE_DEVICE,none,persistent volume mutation to max (irreversible state is the assert),expected2 'Volume이 Max까지 설정' is an explicit persistent volume mutation to maximum and is the core assert. Long-press forces volume to MAX within the run; observe_split cannot salvage because the meaningful assertion IS the irreversible volume-value state.
13,61.0,1.Basic principle,DEMOTE_DEVICE,none,persistent ringer-mode mutation (vibrate),expected2 '진동으로 설정' is a persistent ringer-mode mutation (sound->vibrate) and is the core assert. Long-press forces ringer mode change; observe_split cannot remove the mandatory audio-mode mutation.
14,66.0,1.Basic principle,DEMOTE_FIXTURE,none,PIN-lock fixture must pre-exist (lock-config mutation) + time-based hide,Precondition '화면 잠금 상태 (PIN)' requires a pre-existing PIN lock fixture (high-risk lock-config mutation per LSC ledger). Expected also includes time-based Hidden processing (timing). The gating blocker is the PIN-lock fixture that must be set up before the clean run.
15,12.0,11.Hard Key,DEMOTE_DEVICE,none,non-resettable first-entry one-shot state + guardian-registration settings/consent mutation flow,Precondition '최초 진입 시' is a one-shot first-entry state not deterministically resettable device-free; the flow drives into guardian-registration (등록하기 -> 보호자 등록 -> 동의 -> 보호자 등록 페이지) = consent + settings mutation chain. SOS-button mapping is hardware-uncertain. selection_gated cannot fix the non-resettable first-entry state or the deep settings mutation flow.
16,18.0,11.Hard Key,SALVAGE_CONFIRMED,observe_split,—,"Home-key navigation is deterministic. observe_split splits the implicit app-launch prestate into an explicit device-free compose step (launch a known THOR2 app via component/deeplink) then presses Home and asserts the launcher landing. No fixture data, no persistent mutation, no carrier dependency; the home screen is a singular fixed observable."
17,20.0,11.Hard Key,DEMOTE_DEVICE,none,—,"Original defect is the ambiguous 'previous screen' target. observe_split resolves it: compose a deterministic 2-level nav (open known app -> enter a known sub-screen), then Back asserts return to the pinned parent the compose step established. No fixture, no mutation, no carrier; the back-target is pinnable because the navigation stack is composed by us."
18,26.0,11.Hard Key,DEMOTE_DEVICE,none,—,"Clear/cancel behaviors. Step1 (back) is observe; steps 2-3 (delete last char / delete all on long press) operate on ephemeral text in an input field reachable in a clean app (e.g. search/compose field). Text in an unsaved field is transient, not a persistent mutation; field value is readable via UI dump. No fixture, no carrier."
19,39.0,11.Hard Key,DEMOTE_DEVICE,none,Entry target ('app or system') non-deterministic; landing-screen selector binding unresolvable without device confirmation.,Expected is 'enters an app OR the system' - the entry target is intrinsically indeterminate and depends on whatever focus point exists. The destination binding is fundamentally unresolved; observe_split cannot pin what gets entered because the spec itself leaves the target open. No fixed presence/focus assert can be designed device-free.
20,49.0,11.Hard Key,SALVAGE_CONFIRMED,selection_gated,—,"Quick panel reachable via deterministic swipe. Step1 arrow-key focus move is a clean focus_state contract. Step2 OK on '펼치기' expands the panel - a non-persistent, self-resetting view state (no save/delete/setting toggle), so requirement 3 holds. The expanded panel is a single element-presence assert. No fixture, no carrier."
21,51.0,11.Hard Key,DEMOTE_DEVICE,none,Post-transition split-layout elements (notification area + WiFi focus) need selector binding that is unresolvable without device; full-screen-panel prestate hard to compose deterministically.,"Precondition requires a deeper composed 'full-screen quick panel' prestate, and expected asserts a multi-element layout reconfiguration (full->split mode transition, notification area created, WiFi focus). Unlike a simple focus contract this requires binding several post-transition layout elements that are not pinnable device-free; the layout-transition target binding is unresolved. Adversarial default applies."
22,59.0,11.Hard Key,DEMOTE_FIXTURE,none,Requires pre-loaded message fixture data for the selectable message item.,Precondition '메세지가 활성화 되어 있다' requires pre-existing message data; the OK-long-press selection-mode checkmark and the trash/more-icon activation all operate on a populated message list. Requires fixture data to reproduce.
23,60.0,11.Hard Key,DEMOTE_FIXTURE,none,Requires pre-loaded message fixture data for the selectable message item.,Same as 59.0: precondition 'message active' requires pre-existing message data for the OK-long-press check toggle and clear-button uncheck to be exercisable. Fixture-dependent.
24,66.0,11.Hard Key,SALVAGE_CONFIRMED,selection_gated,—,"Contacts magnifier OK opens the search box regardless of whether contacts exist (no fixture needed to open search), and left-arrow activates the back button. Expected asserts search-box-present and back-button-active - both element-presence/focus contracts, not IME geometry, so the prior IME-nondeterminism concern is over-cautious. No mutation, no carrier."
25,67.0,11.Hard Key,DEMOTE_FIXTURE,none,Related-results list requires pre-existing contact fixture data matching the typed query.,Expected step2 '해당 문자와 연관되어 있는 리스트가 제공' requires contacts matching the typed text to exist; the result list and its down-arrow activation are unverifiable without contact fixture data. Fixture-dependent.
26,68.0,11.Hard Key,DEMOTE_FIXTURE,none,Related-results list requires pre-existing contact fixture data matching the typed query.,"Same dependency as 67.0: the 'related list' (expected step2) and the down-arrow list activation (step4) require matching contacts to exist. Although the X-button appearing after typing is transient_input device-free, the TC's expected list assertions cannot be verified without contact fixture data."
27,73.0,11.Hard Key,DEMOTE_FIXTURE,none,Requires a pre-populated deletable list (fixture items) for selection/checkbox to be exercisable.,Precondition requires a list page populated with deletable items (multi-select deletable list with active trash icon). The delete-mode entry and checkbox activation presuppose list items to select. Requires fixture data even though actual deletion is not executed.
28,77.0,11.Hard Key,DEMOTE_DEVICE,none,Destination page non-deterministic ('activated menu'); landing selector binding unresolvable; toggle-button prestate unspecified.,"Expected '활성화된 메뉴에 대한 페이지로 이동' has an indeterminate destination (whichever menu happens to be active), and the precondition presupposes an unspecified region-divided toggle button. observe_split cannot pin the landing page because the target is not fixed; the destination binding is unresolved."
29,91.0,11.Hard Key,DEMOTE_DEVICE,none,Focus target element ('키') undefined/garbled - no selector or focus contract designable; pedometer content non-deterministic.,"Expected '초점포인트가 키 로 이동' has an ambiguous/garbled target element ('키') with no defined selector, and the pedometer screen content is non-deterministic. A focus_state contract cannot be designed when the focus target itself is undefined; binding unresolved."
30,39.0,12.Setup Wizard,DEMOTE_DEVICE,none,Setup-wizard SOS-popup prestate not deterministically reachable device-free; '등록하기' branch risks persistent setup mutation.,"The SOS-setup popup lives inside a one-time Setup Wizard onboarding flow; reaching that popup deterministically device-free is not pinnable, and prior_reason itself flags the '등록하기' branch as a possible mutation path (registers 안심 기능). The skip branch ('준비되었습니다' literal) is clean but the prestate cannot be composed deterministically and the register branch risks persistent setup state. Adversarial default applies."
31,3.0,14.Quick panel,EXCLUDE,none,—,"Swipe-down-from-top is a deterministic gesture and the quick panel landing is a fixed UI element. observe_split correctly drops the un-assertable fade-out animation axis and asserts the panel-present end state. No fixture, no mutation, no carrier; clean app reachable."
32,7.0,14.Quick panel,DEMOTE_DEVICE,none,drag-and-drop 재배치 verifier 비결정 + draggable 아이콘 selector binding 근본 미해결 + 영속 레이아웃 mutation,"핵심 expected = Long탭+드래그로 퀵패널 아이콘 추가/삭제/정렬. observe_split로 편집화면 진입만 떼어내도 원 결함(드래그 재배치)은 미해소 → req5 실패. 드래그 결과는 비결정 verifier이고 draggable 아이콘 binding 미해결, 게다가 영속 레이아웃 mutation(아이콘 배치 변경) 동반. PENDING_F0로도 드래그 verifier 고정 불가."
33,37.0,14.Quick panel,EXCLUDE,none,물리 LED 하드웨어 외부효과 + 색상(파란색) 시각 전용 verifier,손전등 ON = 물리 LED 점등(하드웨어 외부효과) + 아이콘 배경색(파란색) 시각 전용 verifier. element-presence/focus 계약으로 환원 불가 — 색상은 screenshot 시각 판정. EXCLUDE 범주(물리 하드웨어 + 시각 품질 전용).
34,38.0,14.Quick panel,EXCLUDE,none,물리 LED 하드웨어 + 색상(하얀색) 시각 전용 verifier + 사전 켜짐 상태 조작,손전등 OFF = 물리 LED + 색상(하얀색) 시각 verifier에 더해 precondition '손전등 켜짐'으로 사전 LED-on 조작 필요. 물리 하드웨어 + 색상 전용으로 33과 동일하게 EXCLUDE.
35,68.0,14.Quick panel,DEMOTE_DEVICE,none,first-run 초기설정 화면 비결정 상태 + Quick Share 토글 ON mutation + 구글 계정 로그인 분기,"Quick Share OFF→탭 = Quick Share 토글 ON(mutation) + 최초 사용시에만 뜨는 초기설정 화면(first-run 상태 의존, 재현 불가 → req1 실패). expected 4분기 중 '프로필 아이콘→구글 로그인'은 계정 의존. observe_split로 첫 화면 떼어도 토글 mutation·first-run 상태·계정분기 미해소."
36,87.0,14.Quick panel,DEMOTE_DEVICE,none,—,녹화 시작 아이콘 탭 시 '녹화를 시작하시겠습니까?' + 개인정보 경고 confirm 팝업이 녹화 개시 前 노출(commit 前 gate). 가변 indicator/실제 녹화(mutation) axis는 강등하고 팝업 literal만 observe→취소. clean 앱서 결정적 도달·carrier 무관. 이미 confirmed된 CLK_038 popup_cancel과 동형.
37,148.0,14.Quick panel,SALVAGE_CONFIRMED,popup_cancel,—,화면 터치 잠금 focus>OK = '터치 잠금 켜기' confirm 팝업이 활성화 commit 前 gate로 노출. 팝업 고정 literal observe 후 취소 = 터치잠금 미적용(mutation 0). clean 도달·결정적·carrier 무관. confirm 다이얼로그형 = 41 토글직접탭과 달리 commit이 팝업으로 gated.
38,152.0,14.Quick panel,SALVAGE_CONFIRMED,popup_cancel,—,데이터 절약 focus>OK = '데이터 절약 모드를 사용 설정 하시겠습니까?' confirm 팝업이 토글 commit 前 노출. 팝업 자체는 carrier/SIM 무관 단순 confirm 다이얼로그. literal observe 후 취소 = 절약모드 미토글(mutation 0).
39,161.0,14.Quick panel,SALVAGE_CONFIRMED,popup_cancel,—,화면 녹화 focus>OK = '녹화를 시작 하겠습니까?' confirm 팝업이 녹화 개시 前 gate로 노출(36의 하드키 경로). 고정 literal observe 후 취소 = 녹화 미개시(mutation 0). clean·결정적·carrier 무관.
40,162.0,14.Quick panel,SALVAGE_CONFIRMED,popup_cancel,—,"화면 전송 focus>OK = '기기로 화면 전송' 팝업 노출 + 설정 버튼 focus. 팝업 노출(presence literal)·focus는 결정적, 전송은 기기 선택 前까지 미개시 → 취소(back)로 mutation 0. assert는 팝업 presence + focus 계약(PENDING_F0)이며 스캔 결과 의존 아님."
41,58.0,17.Safety Feature,DEMOTE_DEVICE,none,토글 직접 Tap의 commit 부작용 경로 불확실 — 취소 후 토글 상태 복원 여부 device-free 미확정,길게누르기 토글을 직접 Tap = 보호자 미설정 상태의 부작용으로 등록 팝업 유발. prior_reason 명시 '토글 탭 부작용 경로 불확실' — OK confirm으로 gated된 36~40과 달리 토글이 팝업 前 commit될 가능성이 device-free로 미해결. 취소가 토글 상태를 복원하는지 단말 관찰 없이 확정 불가 → default-demote.
42,22.0,21.Mive keyboard,DEMOTE_DEVICE,none,하드키 멀티탭 한글 IME 조합 binding이 근본 미해결이며 동시에 검증 대상(단순 selector 초과),"expected literal '기계공'은 고정이나, 검증 대상 자체가 하드키 멀티탭 한글 조합(기+스페이스+계공, 스페이스 미적용) IME 동작. 입력 메커니즘(어느 물리키·멀티탭 타이밍이 어떤 자모를 조합하는지)이 단순 selector가 아니라 근본 미해결 binding이며 동시에 테스트 대상. PENDING_F0(=selector id)가 커버하는 범위 초과 → DEMOTE_DEVICE."
43,27.0,21.Mive keyboard,DEMOTE_DEVICE,none,고정 literal 부재('한글 입력됨' 모호) + 하드키 UI 모드 전환 binding 근본 미해결,하드키 * 한글모드 전환 + 지움/취소 + 숫자키 다단 조작 후 expected가 '한글 입력됨'으로 고정 literal 부재(어떤 한글인지 미명시) → 텍스트 assert 비결정. 하드키 UI 모드 전환 binding도 근본 미해결. 모호 assert + 근본 binding 미해결로 default-demote.
44,495.0,21.Mive keyboard,DEMOTE_DEVICE,none,—,"메시지>새 메시지>작성영역 Tap = 결정적 네비게이션. assert = 작성영역 focus(focus_state, PENDING_F0) + 하단 한글 키보드 presence(IME window element-presence). 입력 미발생·전송 미발생 = mutation 0. MSG_201 finding으로 compose 진입 draft 무생성 확인. carrier 무관. req2 element-presence/focus 계약 허용 범위."
45,496.0,21.Mive keyboard,DEMOTE_DEVICE,none,—,"44 흐름 + 특수문자 버튼 Tap → MIVE 특수문자 키보드 전환 + 특수문자 버튼이 한글전환 버튼('가')로 변경. 키보드 모드 전환은 transient(앱 mutation 0), '가'는 고정 literal, 특수문자 레이아웃은 element-presence. clean 도달·carrier 무관."
46,497.0,21.Mive keyboard,DEMOTE_DEVICE,none,—,"44 흐름 + 한/영 버튼 Tap → 한글/영문 키보드 전환. 전환은 transient 키보드 상태(앱 mutation 0), 영문/한글 레이아웃 키셋 또는 토글 버튼 상태로 element-presence 관찰 가능. clean·결정적·carrier 무관."
47,528.0,21.Mive keyboard,DEMOTE_DEVICE,none,—,"메시지>더보기>차단 및 스팸관리>차단된 문구>+>입력영역 Tap = 결정적 메뉴 네비게이션. assert = 입력영역 focus + 한글 키보드 presence. 차단 문구 미입력·미저장 = mutation 0(add 폼 진입·필드 탭은 비-mutating). 빈 차단목록서도 도달, fixture 불요, carrier 무관. prior_reason의 INPUT_REQUIRED은 expected가 focus+키보드만 assert하므로 불요."
48,629.0,21.Mive keyboard,EXCLUDE,none,원 TC 미완성(추가 예정) — 검증 대상 스펙 자체가 닫히지 않음,"원문이 '추가 예정' 미완 TC — 절차/기대가 placeholder('나머지 T/C 추가 예정')로 닫혀 있어 완결된 결정적 흐름이 정의되지 않음. 메시지 새 메시지 입력 필드에서 기호 IME 첫 칸 포커싱이라는 expected는 transient_input/focus 계약으로 잠재 가능하나, 원 TC 자체가 불완전(spec 미확정)이라 device-free 초안의 source로 삼을 수 없음."
49,2.0,23.Settings,SALVAGE_CONFIRMED,transient_input,—,"설정>검색은 clean 앱에서 fixture 없이 결정적 도달. 검색 필드 focus 시 하드키 전용 IME 노출은 element-presence 계약(IME 입력 윈도우 노드 등장)으로 device-free assert 가능 — 텍스트 입력 자체는 불필요, transient_input은 필드 focus만으로 IME 등장을 관찰하고 영속 mutation 없음. carrier/SIM 무관, 저장/토글 없음."
50,11.0,23.Settings,DEMOTE_FIXTURE,none,가용 Wi-Fi AP 리스트(환경 fixture) 필요 + 네트워크 TAP 연결 시도 mutation,precondition 'Wi-Fi' + 'Wi-Fi 리스트 중 아무거나 TAP'은 스캔 범위 내 가용 AP 존재(환경/fixture)에 의존 — clean 단말에서 리스트 비결정. 또한 네트워크 항목 TAP은 연결 시도/비밀번호 다이얼로그 진입으로 연결상태 mutation 위험. IME 노출 자체는 presence-assert 가능하나 도달 경로가 환경 데이터 의존.
51,69.0,23.Settings,DEMOTE_DEVICE,none,기기명 default 값이 carrier/SIM 분기 — device-free로 literal 고정 불가,expected가 carrier별 default 기기명 literal(AT-M140S(SKT)/AT-M140L(LGU+)) binding에 의존 — carrier/SIM 분기 값이라 device-free literal 고정 불가. observe_split로 텍스트를 분리해도 어느 carrier 값을 assert할지가 단말/SIM 확정 필요(prior E_binding). 페어링 화면 진입 자체는 가능하나 기기명 assert 계약이 carrier-bound.
52,192.0,23.Settings,DEMOTE_DEVICE,none,정각알림 ON 토글(영속 설정 변경) + 디지털 모드 prestate 의존,"precondition '디지털 모드로 설정됨' + 정각 알림 읽어주기 ON 토글이 선행되고(영속 설정 mutation), 시간 설정 팝업 HH/MM 하드키 입력 후 HH 두자리→MM 자동 focus 이동을 검증. focus 자동이동 자체는 focus_state 계약 후보지만 진입에 ON 토글이라는 비가역 설정 변경과 디지털 모드 prestate가 필요. transient_input만으로 mutation/prestate를 해소 못함."
53,254.0,23.Settings,DEMOTE_DEVICE,none,배터리 그래프/앱별 % = 비결정 단말 상태값(배터리·사용이력 의존),expected가 배터리 사용량 그래프 + 앱별 배터리 % 가변값 — % 수치와 그래프는 단말 실사용에 따라 비결정(배터리 상태/사용 이력 의존)이라 device-free literal/presence로 고정 불가. observe_split로 '그래프 element presence'만 떼어내도 앱별 % 표기는 데이터 의존이라 원 expected의 핵심 검증(앱별 %)을 device-free로 충족 못함.
54,271.0,23.Settings,DEMOTE_DEVICE,none,T컬러링/링투유/LGU+ 제외 항목 = carrier/SIM 분기 expected,"expected 메뉴 리스트에 'T컬러링(SKT)/링투유(KT)/LGU+ 제외'라는 carrier 분기 항목이 핵심 검증으로 포함 — 어느 항목이 노출되는지가 SIM/carrier 확정 필요(prior E_binding). 볼륨 bar/고정 메뉴 라벨 presence는 device-free 가능하나, expected의 carrier-가변 항목을 device-free literal로 고정 불가하여 원 검증 의도 미충족."
55,272.0,23.Settings,EXCLUDE,none,검증 대상 = 실제 소리 크기 변화(오디오 전용) + 볼륨값 mutation,"expected가 '소리 크기 조절된다' — 볼륨 슬라이더 좌/우 이동에 따른 실제 음량 변화 검증으로 오디오 출력 전용. 슬라이더 값 변경은 영속 볼륨 mutation이며, 검증 본질이 소리 크기(청각/오디오 품질)라 device-free 자동화 불가."
56,275.0,23.Settings,EXCLUDE,none,외부 브라우저/통신사 웹 전환 = 외부효과·carrier 의존,T컬러링/링투유 웹사이트 전환 = 외부 브라우저/통신사 서버 의존 외부효과(prior F_misc). 항목 노출 여부는 carrier 분기이며 전환 결과는 외부 웹(네트워크/통신사) 의존이라 device-free 결정적 검증 불가.
57,706.0,23.Settings,DEMOTE_DEVICE,none,화면 잠금 설정(보안 상태) 진입 경로 + PIN 입력값 검증 의존,"PIN 설정 흐름 진입 자체가 화면 잠금 설정 변경(영속 보안 상태 mutation) 경로 — PIN 입력→다음→불일치 재입력으로 오류문구·재입력 focus 검증. 불일치 후 미완료라 잠금이 실제 설정되진 않을 수 있으나 흐름이 보안 설정 진입이고, transient_input 입력값 검증은 입력 필요. prior D_system_state/C_verifier. 영속 위험과 입력 의존으로 device-free 초안 부적합."
58,718.0,23.Settings,DEMOTE_DEVICE,none,비밀번호 설정(보안 상태) 진입 + 비밀번호 입력값 검증 의존,706과 동형 — 비밀번호 설정 진입(보안 상태 변경 경로)에서 4자 이상 입력 후 불일치 재입력으로 오류문구·재입력 focus 검증. 입력값 검증 의존 + 보안 설정 흐름. prior D_system_state. device-free transient 초안으로 결함 해소 불가.
59,773.0,23.Settings,DEMOTE_DEVICE,none,SIM 카드 잠금 진입 = 장착 SIM 의존(SIM 없으면 메뉴 비활성),SIM 카드 잠금 팝업 노출 검증 — precondition 'SIM 카드 잠금 Off' + SIM PIN 입력 화면 도달은 인증된 SIM 장착에 의존(SIM 없으면 메뉴/팝업 비활성·grey-out). expected에 PIN 입력 키패드 노출 포함=IME 노출이나 SIM 의존 게이트가 근본. carrier/SIM 무의존 요건 위반.
60,3.0,24.Launcher,DEMOTE_DEVICE,none,Press OK = 소리모드 선택 토글(영속 모드 변경) 부작용 경로,"볼륨바 노출+소리모드 아이콘 focus 자체는 KEEP_CONFIRMED #1/#2와 동형 focus 계약이나, 본 TC는 'Press OK'를 포함 — strict re-judge가 동일 'Vol Up→OK로 소리모드 노출+모드 변경'을 D5_mutation/E_binding으로 강등(선택 부작용 경로). Press OK = 소리모드 선택 토글 부작용으로 영속 사운드 모드 변경 위험. selection_gated가 OK 부작용을 가드하지 못하고 모드 노출 확장도 불확실."
61,4.0,24.Launcher,DEMOTE_DEVICE,none,선행 Press OK 모드선택(영속 mutation) 전제 경로,선행 'Press OK'(모드 선택 부작용)를 전제로 무음모드 아이콘 focus 검증 — index 60과 동일하게 OK 모드선택이 영속 mutation 경로. focus 이동 assert는 focus_state 후보지만 진입 경로가 OK 부작용에 종속되어 device-free로 안전 분리 불가(prior E_binding).
62,5.0,24.Launcher,DEMOTE_DEVICE,none,선행 Press OK 모드선택(영속 mutation) 전제 경로,"61과 동형 — 선행 Press OK(모드선택 부작용) 후 더보기 아이콘 focus 검증. OK 모드선택이 영속 사운드 모드 변경 경로라 selection_gated로 가드 불가, focus 계약 진입이 mutation에 종속(prior E_binding)."
63,13.0,24.Launcher,DEMOTE_FIXTURE,none,'해당 위치에 배치된 앱' = 홈 레이아웃/배치 데이터 의존(빈 슬롯 시 메뉴 미출현),"OK 길게→'해당 위치에 배치된 앱'의 컨텍스트 메뉴 노출+상단 focus. 메뉴 라벨(앱 정보/앱 삭제/홈 삭제/위젯 등록)은 고정 literal이고 popup_cancel(observe→back, 앱삭제 미실행)로 위험 가드 가능하나, '해당 위치에 배치된 앱'이 어떤 앱인지가 홈 레이아웃/배치 데이터에 의존 — 빈 슬롯이면 메뉴 미출현. precondition '홈 화면 포커스되지 않은 상태'만으로 특정 앱 배치를 보장 못해 결정적 도달 미보장."
64,14.0,24.Launcher,SALVAGE_CONFIRMED,popup_cancel,,"OK-long-press enters app-edit context from clean home; procedure only navigates focus (down/down/up/up). Expected is pure focus_move — a focus_state contract (PENDING_F0). No fixture, no carrier/SIM. The named popup_cancel pattern adds the back/cancel guard that resolves the prior 'cancel not guaranteed' defect, and navigation never commits a delete so no mutation occurs."
65,15.0,24.Launcher,SALVAGE_CONFIRMED,popup_cancel,,"Clean home > nav > down/down > OK-long-press opens app menu, then Back/cancel hardkey. Expected = menu dismissed and focus returns to the app = focus_retained (focus_state, PENDING_F0). popup_cancel is genuinely applied (Back dismisses), so no commit/mutation. No fixture, no carrier/SIM."
66,25.0,24.Launcher,SALVAGE_CONFIRMED,popup_cancel,,Precondition (speed dial not registered) is the default clean state — no fixture. Home > nav > down > speed-dial slot > OK triggers a registration popup. Expected = popup appears (element-presence). Asserting popup presence then cancelling avoids the registration mutation. No carrier/SIM. popup_cancel resolves the prior 'registration input path needs cancel' defect.
67,162.0,24.Launcher,EXCLUDE,none,Color/pixel verifier (white vs non-white indicator) is not expressible as a device-free literal/presence/focus contract.,"Expected is a color assertion — top indicator UI must NOT render in white. This is a visual-quality / pixel-color check with no fixed UI literal, element-presence, or focus contract that captures it. observe_split separates action from observation but cannot make a deterministic device-free color verifier; prior reason already notes the screenshot color verifier is unproven. Visual-quality only."
68,225.0,24.Launcher,DEMOTE_FIXTURE,none,Requires multiple running apps as preexisting fixture; expected verifies process termination (mutation).,"Precondition '실행 중인 앱 다수 있음' requires multiple apps pre-launched = fixture state the runner does not set up device-free. Action 'close all' is a process-kill mutation, and the expected asserts all recents terminate (a state-change confirmation). observe_split splits the assert but cannot remove the running-apps fixture nor the termination mutation."
69,240.0,24.Launcher,DEMOTE_FIXTURE,none,Persistent favorite registration (mutation) is intrinsic to the expected result; Simple Mode state needed.,"Core action registers an app to the favorites hardkey (즐겨찾기 등록) = persistent mutation, and expected requires the registered app to subsequently launch — the registration is the whole point, not avoidable. Also requires Simple Mode state. selection_gated cannot gate away the registration write."
70,242.0,24.Launcher,DEMOTE_FIXTURE,none,Persistent favorite-change registration (mutation) + confirmation toast is intrinsic to the expected.,"Expected #2 requires actually selecting an app, producing a persistent favorite-registration change plus a 'registered' toast = mutation. selection_gated could stop at expected #1 (picker shows all apps) but the TC's defining assert is the registration toast, which is non-salvageable without committing the mutation."
71,244.0,24.Launcher,DEMOTE_FIXTURE,none,Pre-registered favorite fixture plus favorite-change mutation/toast both required.,"Precondition '즐겨찾기 버튼에 등록된 앱 있음' requires a pre-registered favorite = fixture, AND the expected re-registers (change + toast) = persistent mutation. Both fixture and mutation present; selection_gated resolves neither."
72,247.0,24.Launcher,DEMOTE_FIXTURE,none,Verifying on/off toggle requires actuating a persistent setting (mutation).,"Expected asserts the close-settings auto-close on/off toggle actually actuates (동작한다) — toggling a persistent launcher setting is a mutation. observe_split separates the assert but the verification requires actuating the toggle, which changes persistent state and is not reversible within a device-free draft."
73,292.0,25.Call,SALVAGE_CONFIRMED,transient_input,,"Precondition 'no favorited contacts' is the default empty state — no fixture. Contact-search focus > OK activates the search field; the salvageable core is that the search EditText gains focus = focus_state (focus_position, PENDING_F0). No mutation (search not committed), no carrier/SIM (pure UI). The non-deterministic IME-rise is not asserted; focus/presence on the search input is, consistent with Stream1 CAL_355 focus_position."
74,301.0,25.Call,DEMOTE_FIXTURE,none,Requires 4+ pre-registered favorite contacts as data fixture.,Precondition '즐겨찾기된 연락처 4개 이상' requires 4+ pre-registered favorite contacts = preexisting contact/favorite data the runner cannot provision device-free. selection_gated handles the no-commit selection UI but cannot supply the favorite-contacts fixture.
75,302.0,25.Call,DEMOTE_FIXTURE,none,Requires 4+ pre-registered favorite contacts as data fixture.,"Same precondition: 4+ favorited contacts required as preexisting data fixture. Even though the assert (back focus) is mutation-free, the selection mode and the multi-item layout depend on the favorite-contacts fixture that is not provisionable device-free."
76,303.0,25.Call,DEMOTE_FIXTURE,none,Requires 4+ pre-registered favorite contacts as data fixture.,"Same precondition: 4+ favorited contacts required as data fixture. The 'n개 선택됨' dropdown focus depends on the selection layout populated by the favorite-contacts fixture, which the runner cannot set up device-free."
77,304.0,25.Call,DEMOTE_FIXTURE,none,Requires 4+ pre-registered favorite contacts as data fixture.,Same precondition: 4+ favorited contacts required as data fixture. select-all/deselect dropdown focus presupposes the populated selection mode from the favorite-contacts fixture; not provisionable device-free.
78,305.0,25.Call,DEMOTE_FIXTURE,none,Requires 4+ pre-registered favorite contacts as data fixture.,"Same precondition: 4+ favorited contacts required as data fixture. Trash-icon focus is mutation-free (focus only, no delete) but still presupposes the selection mode populated by the favorite-contacts fixture, which cannot be provisioned device-free."
79,359.0,25.Call,SALVAGE_CONFIRMED,transient_input,,"Dialer keypad opens offline (no SIM/carrier); digits typed are transient in-test input, not external fixture. Pressing cancel/delete clears them with no mutation (nothing saved/called). Expected = number field becomes empty and focus stays in the dialer input field = device-free verifiable (field text == '' AND focused). transient_input is genuinely applied (type transient digits, delete, observe cleared + focus retained)."
80,360.0,25.Call,SALVAGE_CONFIRMED,observe_split,—,"Clean dialer > keypad > type digits (in-test transient input, no fixture) > Up hardkey. Primary assert = focus moves to '연락처 추가' button, which appears for ANY typed number (no contacts/call-log data needed). focus_state(focus_move) contract, PENDING_F0 selector. Secondary cursor-to-front is within-field and can drop to PENDING_F0 without blocking the primary focus assert. No mutation (dialer field non-persistent), no SIM/carrier."
81,361.0,25.Call,DEMOTE_FIXTURE,none,Populated 전화번호 리스트 (contacts/call-log fixture) required to have a top-item focus to move from.,"Precondition '초점이 전화번호 리스트 최상단에 있다' requires focus parked at top of a POPULATED phone-number list. On a clean app the suggestion/recents list is empty, so '리스트 최상단' is unreachable. Reaching it needs contacts or call-log data = fixture."
82,362.0,25.Call,DEMOTE_DEVICE,none,Intra-field cursor (selection index) observation has no device-free binding; not a focusable element.,"Primary assert '커서 위치 왼쪽으로 이동' is a within-EditText caret/selection index, not an element focus_state. The 7-assert focus_state vocabulary (move/invariant/boundary_stop/retained/created/position/absent) does not cover intra-field caret position; selector binding for caret index is fundamentally unresolved by PENDING_F0. Adversarial default demote."
83,363.0,25.Call,DEMOTE_FIXTURE,none,Multi-entry 전화번호 리스트 (contacts/call-log fixture) needed for downward focus move.,Precondition '초점이 전화번호 리스트에 있다' + Down to move focus to next list row requires a populated list with ≥2 navigable entries. Clean app yields no entries → focus-down has no target. Requires contacts/call-log fixture.
84,364.0,25.Call,DEMOTE_FIXTURE,none,Populated list with a known bottom row (fixture) required before Down+OK boundary behavior.,Precondition '리스트의 최하단' requires a populated list with a defined bottom entry; Down+OK then transitions. Clean app has no list bottom to park on. Requires contacts/call-log fixture.
85,365.0,25.Call,SALVAGE_CONFIRMED,transient_input,—,"Type digits (in-test transient input, value we control) then press delete/cancel hardkey; field text shrinks one digit per press. Deterministic on clean app — no list/contacts/SIM needed, dialer field is non-persistent (no mutation). Self-typed value makes the post-delete literal known, so a device-free text-content assert is valid."
86,366.0,25.Call,SALVAGE_CONFIRMED,transient_input,—,"Type letters into the search box (in-test transient input). Letters never match a phone-number list, so 'no results' is guaranteed regardless of any data; focus stays in the search box (focus_invariant). Fixed literal '검색 결과가 없습니다' + focus_invariant, both device-free. No fixture (no-results is the guaranteed outcome), no mutation, no SIM/carrier."
87,369.0,25.Call,SALVAGE_CONFIRMED,popup_cancel,—,"From dial input (precondition needs only focus in input, no number/fixture), Up+Right opens the stock dialer 더보기 overflow with a fixed label set (메시지 보내기/2초간 일시중지 추가/대기 시간 추가/단축다이얼/설정) and focus on 메시지보내기. Opening an overflow menu is non-mutating; popup_cancel asserts labels+focus then backs out without selecting any item. Fixed literals are device-free; no fixture, no SIM/carrier."
88,54.0,26.Message,DEMOTE_FIXTURE,none,Existing 대화함 (message fixture) required to reach 첨부 메뉴; OK also launches external gallery picker.,"Path '임의의 대화함 > 첨부 메뉴' requires an existing conversation (message fixture) to reach the attach menu, and OK on '앨범' launches the external gallery picker (external effect + requires photos). Even if redesigned to assert focus on '앨범' without OK, the existing-conversation fixture remains mandatory."
89,55.0,26.Message,DEMOTE_FIXTURE,none,Existing 대화함 fixture required; OK launches external camera app.,Requires existing 대화함 (message fixture) to reach 첨부 메뉴; OK on '카메라' launches the external camera app (external/hardware effect). Fixture conversation gates the whole flow regardless of stopping before OK.
90,56.0,26.Message,DEMOTE_FIXTURE,none,Existing 대화함 fixture required; OK launches external video picker.,"Requires existing 대화함 (message fixture) to reach 첨부 메뉴; OK on '동영상' launches the external video picker (external effect, requires media). Fixture conversation is the gating blocker."
91,57.0,26.Message,DEMOTE_FIXTURE,none,Existing 대화함 fixture required; OK launches external camera app.,Requires existing 대화함 (message fixture) to reach 첨부 메뉴; OK on '동영상 촬영' launches external camera. Fixture conversation gates the flow.
92,58.0,26.Message,DEMOTE_FIXTURE,none,Existing 대화함 fixture required; OK launches external contacts picker needing contacts data.,Requires existing 대화함 (message fixture) to reach 첨부 메뉴; OK on '연락처' launches the external contacts picker which also needs contacts data. Double fixture/external dependence.
93,67.0,26.Message,DEMOTE_FIXTURE,none,Existing selectable 대화함 (message fixture) required to enter the delete confirmation flow.,"Precondition '대화함 선택된 상태' requires an existing conversation to be selected (message fixture). Although popup_cancel correctly avoids the destructive delete (asserts 삭제 팝업 + 취소 focus, then cancels), reaching the delete confirmation requires a selectable existing conversation. No conversation = path unreachable."
94,44.0,27.Contacts,DEMOTE_DEVICE,none,Dropdown option set is SIM-presence and Google-account dependent (carrier/SIM + environment state).,Expected option set (구글 / 휴대전화 / SIM카드) is environment-variable: 'SIM카드' appears only when a SIM is present and '구글' only when a Google account is configured. The fixed-literal assert is non-deterministic across device/SIM/account state (SIM dependence is an explicit salvage blocker). Reducing to a bare 'dropdown opens' focus assert would gut the selection_gated intent.
95,45.0,27.Contacts,DEMOTE_DEVICE,none,Navigable dropdown item count is SIM/account-dependent (carrier/SIM + environment state).,"Down/Up focus move within the storage-location dropdown requires ≥2 navigable items, but the item count depends on SIM presence and Google-account state (per TC 44). With only '휴대전화' available, focus cannot move; the focus_move assert is non-deterministic across environments. SIM/account-gated item count is not fixable by PENDING_F0."
96,46.0,27.Contacts,DEMOTE_FIXTURE,none,,새 연락처 form 진입은 form open일 뿐 비영속(저장 안 함=mutation 아님). 저장위치 드롭박스는 clean에서도 '휴대전화'가 항상 존재해 도달 가능. back/cancel은 비가역. popup_cancel로 드롭박스 open→cancel하여 원 REVIEW의 mutation/drop-open 잔존 결함 해소. focus 유지+드롭박스 dismiss는 PENDING_F0 focus_state 계약으로 device-free assert. 드롭박스 content(계정별 가변)는 assert 대상 아님.
97,47.0,27.Contacts,DEMOTE_FIXTURE,none,,카메라 버튼 Ok가 여는 '사진 변경' 팝업은 결정적 in-app 다이얼로그. 팝업 최초 focus('사진 찍기')는 카메라 기동 전 관찰 가능하고 이후 cancel하면 카메라 외부효과·mutation 회피. popup_cancel로 open→focus 관찰→cancel하여 카메라 기동 부작용 결함 해소. SIM/carrier 무관.
98,51.0,27.Contacts,DEMOTE_FIXTURE,none,,"아래 화살표 Ok는 form 내 이름 입력칸 펼침(성/중간/이름)이며 저장 전이라 비영속(mutation 아님). observe_split으로 펼침 action과 focus 관찰을 분리해 '단순 노출 아님' 결함 해소. 펼쳐진 칸은 고정 UI literal, 성 입력칸 focus는 focus_state 계약으로 device-free assert. 계정/SIM 무관."
99,52.0,27.Contacts,DEMOTE_FIXTURE,none,,위 화살표 Ok는 펼친 이름칸을 축소하는 form 내 토글이며 비영속. 선행 '펼친 상태' precondition은 #51 action으로 동일 세션 내 setup 가능(fixture 아님). observe_split으로 토글과 focus 관찰 분리해 결함 해소. 이름칸 focus는 focus_state 계약으로 device-free assert.
100,56.0,27.Contacts,DEMOTE_FIXTURE,none,,항목 더보기 Ok는 form 내 전체 입력칸 펼침 토글이며 저장 전이라 비영속. precondition '구글/휴대전화'는 OR 조건으로 '휴대전화'(clean 항상 존재) 경로로 충족=계정 fixture 불요. observe_split으로 확장 토글과 관찰 분리해 결함 해소. 핵심 assert는 '최초 focus 없음' focus_state 계약으로 device-free 가능(칸 set content variance는 부차).
101,58.0,27.Contacts,DEMOTE_FIXTURE,none,,전화번호 type 드롭박스 항목(휴대전화/집/직장/기타/맞춤설정)은 앱 정의 고정 literal로 계정/SIM 무관·device-free assert 강함. 펼친 form은 #56 경로로 in-session setup. popup_cancel로 드롭박스 open→관찰→cancel하여 '취소 미동반 open 잔존' 결함 해소. 비영속.
102,59.0,27.Contacts,DEMOTE_FIXTURE,none,,"드롭박스 Up/Down focus 이동 검증. 선행 '열림 상태'는 드롭박스 open action으로 in-session setup(fixture 아님), B_compose 합성은 open→Up/Down→cancel로 닫기 동반. focus 이동 방향은 focus_state 계약으로 device-free assert. 비영속·SIM 무관."
103,66.0,27.Contacts,DEMOTE_FIXTURE,none,,"그룹 만들기 form에서 그룹 이름 입력은 transient(저장 안 함=비영속), Down>Right로 '확인' focus 도달. 확인 누르지 않으므로 그룹 생성 mutation 회피. transient_input으로 입력 후 commit 없이 focus만 관찰해 결함 해소. 확인 focus는 focus_state 계약. clean 도달(Contacts>그룹>만들기)."
104,67.0,27.Contacts,DEMOTE_FIXTURE,none,그룹 생성 commit이 영속 mutation이며 expected가 mutation 결과에 직접 의존(observe_split 분리 불가).,"'그룹 만들기 완료'는 실제 그룹 생성=영속 mutation을 유발하고, expected '메뉴 최초 focus'가 바로 그 post-mutation 결과라 observe_split으로 mutation을 분리 불가. 비가역 상태변경 금지(요건3) 위반. 완료를 commit하지 않으면 관찰 대상 자체가 존재하지 않음."
105,71.0,27.Contacts,DEMOTE_FIXTURE,none,,"연락처 추가하기 Ok는 '연락처 선택' 화면으로의 비영속 navigation(선택 commit 없음=mutation 아님). 뒤로가기 최초 focus는 list content와 무관한 구조적 focus_state 계약으로 device-free assert(빈 list여도 성립). observe_split으로 navigation과 focus 관찰 분리해 '진입 부작용+focus 혼합' 결함 해소. 다만 약함: 선택 화면 도달만 검증, 실제 선택은 비검증."
106,78.0,27.Contacts,DEMOTE_DEVICE,none,,"설정-가져오기 Ok는 '연락처 복사 소스' 화면 비영속 navigation(가져오기 미실행=mutation 아님). 내부 저장소 옵션은 clean에서 항상 존재하는 고정 항목, 최초 focus는 focus_state 계약으로 device-free assert. observe_split으로 진입 부작용과 focus 분리해 결함 해소."
107,81.0,27.Contacts,DEMOTE_DEVICE,none,,다음(복사 소스) Ok는 import wizard 내 복사 위치 화면으로의 비영속 전진(가져오기 commit 없음=mutation 아님). '다음' 버튼 focus는 구조적 focus_state 계약으로 device-free assert. observe_split으로 wizard navigation과 focus 분리해 결함 해소. 약함: 복사 위치 옵션 set은 계정별 가변이나 assert 대상은 '다음' focus 구조뿐.
108,89.0,27.Contacts,DEMOTE_DEVICE,none,SIM 카드 하드웨어/carrier 전제 + SIM write mutation. device-free 불가.,"SIM 카드 내보내기 팝업은 SIM 카드 물리 존재를 전제(carrier/SIM 의존=요건4 위반)하고, 내보내기 Ok는 SIM으로의 write=영속 mutation. SIM 없이는 팝업/경로 자체가 비도달. PENDING_F0 계약으로도 SIM 하드웨어 조건을 고정 불가."
109,93.0,27.Contacts,DEMOTE_FIXTURE,none,사전 연락처 fixture 필요 + 선택 상태 binding 없이는 gate 진입 불가.,expected가 명시적으로 '선택된 연락처 있는 경우에만' 확인 focus라 gate 조건 자체가 사전 연락처 데이터(fixture) + 선택 상태 binding을 요구. clean(연락처 0)에서는 'n개 선택됨(▼)' 상태가 비도달이라 selection_gated 패턴으로도 gate를 device-free 충족 불가.
110,6.0,28.Camera,EXCLUDE,none,카메라 하드웨어/preview 렌더링 전제 + '문제가 없음' 모호 expected(고정 assert 불가).,카메라 모드 전환은 카메라 하드웨어/preview 렌더링 기동 전제이고 expected '문제가 없음'은 고정 assert 불가한 모호 시각 품질 문구. observe_split으로도 모드별 결정적 UI literal 계약 미실증이며 camera는 물리 하드웨어 영역. 자동화 불가.
111,18.0,28.Camera,EXCLUDE,none,"카메라 preview 화면비는 하드웨어 시각 layout 검증, device-free assert 불가.",인물사진 모드 4:3/1:1/16:9/Full 화면비는 카메라 viewfinder의 시각 layout 적용 검증으로 camera 하드웨어 preview 영역(시각 품질 전용). 화면비 layout verifier 미실증이고 transient_input으로도 preview 치수를 device-free assert 불가. 카메라 하드웨어 의존.
112,19.0,28.Camera,DEMOTE_DEVICE,none,Transient toast — no durable element-presence/focus contract; toast capture is timing non-deterministic.,Expected is a transient toast ('전면 카메라에서는 인물사진 모드가 지원되지 않습니다'). transient_input pattern does not resolve the core defect: a toast has no stable presence to assert and disappears non-deterministically. No fixed UI literal or element-presence contract survives camera-flip timing. Cannot be fixed with a PENDING_F0 contract.
113,20.0,28.Camera,DEMOTE_DEVICE,none,Transient toast + long-press timing; no durable presence/focus assert.,Expected is a transient toast after Long Tap on shutter ('인물사진 모드에서는 동영상 촬영과 연속촬영이 지원되지 않습니다'). Same transient-toast problem plus long-press gesture timing. transient_input does not yield a stable presence contract.
114,65.0,28.Camera,DEMOTE_DEVICE,none,—,"Clean camera launch deterministically reaches the capture screen; the flip-camera control is a fixed, always-present toolbar element. observe_split isolates the pre-action observation (flip control present/focusable) from the mode-switch side-effect that the prior REVIEW flagged. Front/rear switch is transient app state (resets on relaunch) = no persistent mutation; no carrier/SIM. Verifier is a presence/focus contract (selector PENDING_F0), not the sensor-driven mode change itself."
115,74.0,28.Camera,DEMOTE_FIXTURE,none,Persistent setting toggle + media-capture file mutation required to verify expected.,"Expected couples a settings enumeration (자동/꺼짐/50Hz/60Hz) with per-value photo AND video capture. Verifying the expected requires changing the anti-flicker setting (persistent toggle) and capturing media (file-creating mutation). observe_split can isolate the 4-literal menu enumeration, but that enumeration alone does not verify the stated expected (촬영된다); the load-bearing verification is the capture mutation. Mutation present."
116,138.0,28.Camera,DEMOTE_DEVICE,none,—,"Deterministic hardkey navigation sequence in clean camera launch ends in OK activating the zoom control. Expected ('배율 설정이 가능하도록 활성화') is a binary UI-element-appearance (zoom control becomes active/visible) — assertable via element-presence. Zoom activation is transient UI state (resets on relaunch) = no persistent mutation; no carrier/SIM. observe_split separates the OK activation action from the presence observation, resolving the 'mode-activation side-effect not pure observation' REVIEW defect."
117,139.0,28.Camera,DEMOTE_DEVICE,none,Variable continuous zoom magnification; animation/hold-timing dependent.,Expected asserts a variable continuous zoom magnification reached by holding Right ('1.9X까지 확대'). Held-key progressive zoom is animation/timing-dependent and the magnification readout is hardware-optic continuous data. No fixed literal or PENDING_F0 contract can pin a variable zoom value.
118,140.0,28.Camera,DEMOTE_DEVICE,none,"Variable continuous zoom range (2X-4X), hold-timing dependent.","Expected asserts continuous zoom 2X~4X via held Right key plus auto tab move. Variable magnification range, timing-dependent. No deterministic literal/presence contract for the moving zoom value."
119,141.0,28.Camera,DEMOTE_DEVICE,none,"Variable continuous zoom reduction (4X->2X), hold-timing dependent.","Expected asserts progressive zoom reduction 4X→2X via held Left key. Variable continuous magnification, timing-dependent. Not pinnable with a fixed or PENDING_F0 contract."
120,142.0,28.Camera,DEMOTE_DEVICE,none,"Variable continuous zoom range (1.9X-1X), hold-timing dependent.","Expected asserts continuous zoom 1.9X~1X via held Left key plus auto tab move. Variable magnification, animation/timing-dependent. No deterministic literal/presence binding."
121,159.0,28.Camera,DEMOTE_FIXTURE,none,Video recording start = live capture/file-write mutation; recording-active is non-deterministic live state.,"Expected is that video recording starts ('동영상이 촬영되어야 한다'). Starting recording begins live capture and writes to a recording file = in-progress mutation. The prior RESCUE note tries to split a start-indicator assert, but recording-active is a live (timer) state and recording start is itself a capture mutation that must be discarded to restore clean state. Adversarial default-demote applies: mutation present."
122,160.0,28.Camera,DEMOTE_FIXTURE,none,Recording stop saves a video file = irreversible mutation.,"Expected is that recording stops, finalizing and saving a video file. Explicit persistent mutation (saved video). observe_split cannot remove the file-save which is the core verified effect."
123,161.0,28.Camera,DEMOTE_FIXTURE,none,Requires active video recording (in-progress capture mutation) before observing pause-icon change.,Expected is the pause-icon change during an active recording. The icon-change assert is presence-based but is predicated on an in-progress recording (live capture/file-write mutation) that must exist to reach the pause state. Mutation precondition.
124,162.0,28.Camera,DEMOTE_FIXTURE,none,Resumes in-progress video capture = mutation; requires prior recording/pause state.,"Expected is that paused recording resumes, continuing video generation. Requires an active/paused recording (mutation in progress) and resumes file capture. Persistent capture mutation."
125,168.0,28.Camera,DEMOTE_DEVICE,none,"Variable continuous zoom reduction, hold-timing dependent.","Expected asserts held-Down zoom reduction 4X→2X. Variable continuous magnification, transient/timing-dependent. prior_reason notes the zoom-value verifier is unproven; no fixed or PENDING_F0 contract pins a moving zoom value."
126,169.0,28.Camera,DEMOTE_DEVICE,none,"Variable continuous zoom range (1.9X-1X), hold-timing dependent.","Expected asserts held-Down zoom 1.9X~1X reduction plus auto tab move. Variable continuous magnification, timing-dependent. No deterministic literal/presence binding for the moving zoom value."
127,170.0,28.Camera,DEMOTE_DEVICE,none,"Variable continuous zoom expansion (1X->1.9X), hold-timing dependent.","Expected asserts held-UP zoom expansion 1X→1.9X. Variable continuous magnification, timing-dependent. No fixed or PENDING_F0 contract can pin the moving zoom value."
128,171.0,28.Camera,EXCLUDE,none,camera sensor/live preview hardware; transient zoom overlay not a fixed literal,라이브 카메라 프리뷰의 배율 오버레이(1.9X→4X)는 센서 하드웨어 기동·실시간 프리뷰가 필요하고 배율 값은 transient 애니메이션 상태. clean dump로 고정 UI literal 불가.
129,172.0,28.Camera,EXCLUDE,none,camera sensor/live preview hardware; transient zoom value,"라이브 카메라 프리뷰의 축소 배율(4X→2X) 검증. 센서 하드웨어·실시간 프리뷰 의존, 배율 값 transient. device-free verifier 불가."
130,173.0,28.Camera,EXCLUDE,none,camera sensor/live preview hardware; transient zoom value,"카메라 배율 2X→1X 축소 + 포커스 이동. 라이브 프리뷰 하드웨어 의존, transient 배율 상태. clean dump 결정적 assert 불가."
131,14.0,29.Clock,DEMOTE_FIXTURE,none,branch depends on pre-existing selected world-clock location (fixture),expected가 '이미 선택된 세계시각 위치' 유무로 분기. 두 번째 분기를 결정적으로 만들려면 선택된 위치 fixture 필요. observe_split로는 데이터 분기 미해소.
132,16.0,29.Clock,SALVAGE_CONFIRMED,transient_input,—,"precondition '설정된 타이머 없음'=clean. 숫자 키 입력이 '00분' 입력 필드에 반영되는지 transient_input으로 입력 직후 필드 텍스트 assert. 타이머 미시작=영속 mutation 없음, fixture·carrier 무관."
133,24.0,29.Clock,DEMOTE_FIXTURE,none,requires pre-set timer fixture; playback effect,"precondition '설정된 타이머 존재' = 사전 타이머 fixture 필요하고, OK로 타이머 재생 = transient 재생 effect. fixture 의존 + effect 검증, device-free 불가."
134,27.0,29.Clock,DEMOTE_FIXTURE,none,—,"precondition=재생버튼 기본 포커스(clean). OK 동작과 실행상태 관찰을 observe_split로 분리해 재생→일시정지 버튼 토글(element presence)로 고정. 스톱워치=in-memory, 영속 mutation·fixture·carrier 없음."
135,28.0,29.Clock,DEMOTE_FIXTURE,none,—,"OK 재생(실행 상태 진입) 후 Right로 구간기록 버튼에 포커스. observe_split로 OK 액션과 포커스 관찰 분리. 구간 버튼은 실행 상태에서 결정적 존재, fixture 불필요·mutation 없음."
136,29.0,29.Clock,DEMOTE_FIXTURE,none,branch depends on accumulated lap records (fixture),expected가 '구간기록 누적 유무'로 포커스 분기(더보기 아이콘 vs 기록 ↓영역). 누적 기록 fixture 없이는 두 번째 분기 결정 불가. selection_gated이나 데이터 fixture 미결.
137,30.0,29.Clock,SALVAGE_CONFIRMED,observe_split,—,"기본 포커스에서 Press Left로 타이머 탭 이동. observe_split로 전제 상태와 탭 이동 관찰 분리. 탭 전환=고정 UI, fixture·mutation·carrier 무관."
138,31.0,29.Clock,SALVAGE_CONFIRMED,observe_split,—,"기본 포커스에서 Press Right로 더보기 버튼 포커스 이동. observe_split로 전제·관찰 분리. 더보기 버튼은 결정적 존재, mutation·fixture 없음."
139,32.0,29.Clock,DEMOTE_FIXTURE,none,requires existing+additional timer fixtures for branch,precondition '설정된 타이머 존재' + expected가 '추가 타이머 유무'로 포커스 분기. 기존+추가 타이머 fixture 필요. selection_gated이나 fixture 바인딩 미결.
140,109.0,29.Clock,EXCLUDE,none,audio-only verification; persistent volume mutation,주 expected가 '볼륨값에 따라 알림 소리 변함'=오디오 전용 검증. 볼륨 Bar 조절은 영속 설정 mutation. 무음 아이콘 변경만으로는 원 검증 미충족. 오디오 전용 → 자동화 불가.
141,116.0,29.Clock,EXCLUDE,none,audio mute verification + volume mutation + visual-completeness judgement,expected2 '볼륨 최소화 시 음소거'=오디오 전용 검증 + 볼륨 영속 mutation. expected1 '빈 영역 없음'은 시각 품질 전용 판정으로 결정적 assert 곤란. 오디오·시각품질 혼합 → 불가.
142,5.0,3.Sub LCD,EXCLUDE,none,SubLCD separate physical display not dumpable,Sub LCD 별도 물리 디스플레이의 화면 표시(SOS 사이클). main UI dump로 관찰 불가한 별도 패널. 물리 하드웨어 디스플레이 → 자동화 불가.
143,6.0,3.Sub LCD,EXCLUDE,none,SubLCD separate physical display not dumpable,Sub LCD 자동 화면 전환 안됨 검증. 별도 물리 디스플레이로 결정적 dump 불가. SubLCD → 자동화 불가.
144,7.0,3.Sub LCD,EXCLUDE,none,SubLCD 별도 디스플레이 관찰 불가 + 8초 타이밍 비결정 + 물리 버튼,Sub LCD = 별도 물리 보조 디스플레이(폴더 닫힘/메인 LCD Off). 표준 uiautomator dump는 메인 디스플레이 대상이라 SubLCD 렌더링 surface 관찰 불가. 추가로 물리 SOS 버튼 + 8초 무동작 후 자동 OFF(시간기반 비결정) + 만보기(센서) 의존. observe_split로 시간축 분리해도 별도 디스플레이 자체가 자동화 관찰 불가.
145,16.0,3.Sub LCD,EXCLUDE,none,SubLCD 별도 디스플레이 관찰 불가 + 가변 배터리/시계값,"SubLCD 시계/날짜/배터리 잔량 표시 검증. 별도 보조 디스플레이라 uiautomator 관찰 불가, 배터리 잔량·시계는 가변 비결정값. observe_split로 분리할 결정적 surface 자체가 device-free 접근 불가."
146,17.0,3.Sub LCD,EXCLUDE,none,SubLCD 별도 디스플레이 + 보행 센서값,"SubLCD 만보기 화면 + 걸음수 표시. 별도 디스플레이 관찰 불가 + 걸음수는 보행 센서값(픽스처/센서 의존, 비결정). device-free 도달·assert 불가."
147,52.0,3.Sub LCD,EXCLUDE,none,물리 충전기 + SubLCD 색상 품질 + 배터리 잔량 픽스처 + 8초 타이밍,충전기 물리 장착 + 배터리 아이콘 초록색/번개아이콘 색상 표시 + 8초 대기. 물리 하드웨어(충전기) + SubLCD 색상 품질 검증 + 시간기반 가변. precondition='배터리 중간 잔량' 픽스처도 필요. 시각 품질/물리 하드웨어 전용으로 자동화 불가.
148,54.0,3.Sub LCD,EXCLUDE,none,물리 충전기 attach/detach + 완충 대기 비결정 + SubLCD 색상 + 배터리 픽스처,"배터리 99%→100% 완충 대기 + 충전기 장착/탈착(물리) + 아이콘 색상/번개 + 8초. 완충까지 대기는 비결정 시간, 충전기 탈착은 물리 하드웨어, 색상은 시각 품질. precondition 배터리 99% 픽스처. 자동화 불가."
149,55.0,3.Sub LCD,EXCLUDE,none,물리 충전기 + SubLCD 색상 품질 + 배터리 픽스처,충전기 장착(물리) + SubLCD 배터리 아이콘 초록색/번개 색상 표시. 물리 하드웨어 + SubLCD 색상 품질 + 배터리 99% precondition 픽스처. device-free 불가.
150,59.0,3.Sub LCD,EXCLUDE,none,물리 충전기 + SubLCD AOD 색상 + 만보기 센서 + 8초 타이밍,충전기 장착(물리) + 충전 AOD/Time/만보기 화면 전환 + 아이콘 초록색 유지 + 번개아이콘 + 8초. SubLCD 별도 디스플레이 + 물리 충전기 + 색상 품질 + 만보기 센서 + 시간기반. 다수 device-only 축. 자동화 불가.
151,62.0,3.Sub LCD,EXCLUDE,none,물리 볼륨키 + 볼륨 상태 mutation + SubLCD,폴더 닫힘 상태 물리 볼륨 Up/Down 키 + 실제 볼륨 변경(mutation) + 볼륨바 미표시(SubLCD). 물리 키 + 영속 볼륨 상태 변경 + SubLCD 음수준 표시 확인. 물리 하드웨어 + mutation 양쪽 위반.
152,2.0,30.Voice Recorder,DEMOTE_DEVICE,none,마이크 캡처 런타임 상태(오디오 HAL/권한) 단말 의존,"OK로 녹음 시작 = 마이크 캡처(transient 외부효과) + '녹음 진행' 런타임 상태 도달 후 '중지' 버튼 포커스 assert. 포커스 계약 자체는 PENDING_F0 가능하나, 녹음 active 상태는 마이크 권한/오디오 HAL 등 단말 런타임에 의존하고 clean device-free 시뮬레이션에서 결정적으로 재현 보장 불가. 적대적 판정으로 단말 필요로 강등."
153,3.0,30.Voice Recorder,DEMOTE_DEVICE,none,녹음 진행 런타임 상태 선행 전제(단말 오디오),녹음 진행 중(선행 마이크 캡처 상태) Left 키로 '일시정지' 버튼 포커스 이동. 녹음 active 런타임 상태가 선행 전제이며 단말 오디오 런타임 의존. device-free 시뮬레이션으로 녹음 상태 보장 불가 → 단말 필요.
154,4.0,30.Voice Recorder,DEMOTE_DEVICE,none,녹음 시작→일시정지 상태 체인 단말 오디오 의존,OK로 녹음 일시정지 + 아이콘 전환 관찰. 선행 녹음 시작(마이크 캡처) 후 일시정지 상태 전이 = 단말 오디오 런타임 의존 체인. transient라 해도 녹음 active 도달이 선행 전제이고 device-free 보장 불가.
155,5.0,30.Voice Recorder,DEMOTE_DEVICE,none,녹음 active→중지→저장팝업 도달 단말 오디오 의존,OK OK로 녹음 중지 + 저장팝업 발생 + 파일명 영역 포커스. 선행 녹음 active 도달(마이크 캡처) 필요 + 중지로 실제 녹음 데이터 생성 경로. popup_cancel은 저장 회피용이나 팝업 도달 자체가 녹음 런타임 전제. 단말 오디오 의존으로 강등.
156,6.0,30.Voice Recorder,DEMOTE_DEVICE,none,저장팝업 도달 전제(녹음 active 단말 오디오),"저장팝업 내 Down 키로 '취소' 버튼 포커스 이동. 저장팝업 도달이 선행 녹음 active+중지 체인 전제. popup_cancel로 저장 mutation은 회피되나, 팝업 진입 자체가 단말 오디오 런타임 의존. device-free 보장 불가."
157,8.0,30.Voice Recorder,DEMOTE_DEVICE,none,명시 precondition=녹음 저장팝업 상태(단말 오디오 런타임),precondition='녹음 저장 팝업 발생한 상태' + Back로 취소 후 '일시정지' 녹음화면 복귀. 명시적으로 녹음 진행/저장팝업 선행 상태 전제. 단말 오디오 런타임 상태 픽스처 필요. popup_cancel만으로 device-free 초기 상태 구성 불가.
158,20.0,32.Calculator,SALVAGE_CONFIRMED,transient_input,—,"계산기 clean 실행 → 하드키 숫자 입력 → 디스플레이에 입력 숫자 반영 관찰. 결정적 네비(앱 launch만) + 사전 데이터/상태 의존 없음 + 영속 mutation 없음(입력은 휘발, 저장 없음) + carrier/SIM 무관. transient_input 패턴으로 입력→표시 관찰 분리. expected='숫자 정상 입력'은 디스플레이 텍스트 literal assert 가능."
159,21.0,32.Calculator,SALVAGE_CONFIRMED,transient_input,—,계산기 clean 실행 → 숫자 입력 → 방향키/OK 입력 시 최초 포커스 AC 버튼 위치. 결정적 네비 + 사전 데이터 무 + 영속 mutation 무(입력 휘발) + carrier/SIM 무관. transient_input으로 입력 후 focus_state 계약 검증(구체 selector PENDING_F0 허용). focus on AC = focus/presence 계약이라 텍스트 assert 불요.
160,22.0,32.Calculator,SALVAGE_CONFIRMED,transient_input,—,"순수 SW 계산기. clean 실행에서 결정적 도달. 숫자 입력은 in-memory transient(relaunch/AC로 초기화, 영속 mutation 없음). 좌우 focus 이동·끝단 비루프 = focus_state(focus_move+focus_boundary_stop) 계약으로 device-free 고정. carrier/SIM·fixture 무관. transient_input가 입력 전제를 해소."
161,23.0,32.Calculator,SALVAGE_CONFIRMED,transient_input,—,"공학용 전환 = 고정 UI literal(INV/sin/cos 등) presence로 assert 가능, 모드 전환은 비영속(relaunch reset). 입력-정확성 부속 assert는 known 입력→고정 display literal로 결정화 가능. transient_input가 입력 전제 해소. 단말/carrier/fixture 무관."
162,24.0,32.Calculator,SALVAGE_CONFIRMED,transient_input,—,"공학용 모드 도달은 결정적 nav(standard→패널 전환). 숫자 입력은 transient. '최초 focus INV' = focus_position 계약(INV는 고정 element)으로 device-free assert. 비영속, fixture/carrier 무관. CAL_355 focus_position와 동형."
163,27.0,32.Calculator,SALVAGE_CONFIRMED,selection_gated,—,"공학용 진입 결정적. 뒤로가기 focus서 OK→일반 패널 복귀 + focus '숫자패드 더보기' = element-presence + focus_position 계약으로 device-free assert. 모드 전환은 비영속(relaunch reset, 영속 mutation 아님). E_binding selector는 PENDING_F0로 흡수. selection_gated가 focus 게이트 OK 해소."
164,28.0,32.Calculator,SALVAGE_CONFIRMED,transient_input,—,"160과 동형(상하 열 이동). 순수 SW, transient 입력, focus_move+focus_boundary_stop 계약 device-free 고정. 비영속·fixture/carrier 무관."
165,4.0,5.Magnifying glasses,EXCLUDE,none,손전등 LED 물리 하드웨어 토글 검증 — device-free 불가,expected 핵심(1-2/1-3)이 손전등 LED ON/OFF 토글 = 물리 하드웨어 + 영속 하드웨어 상태. focus_move만 observe_split해도 TC 실제 검증 의도(플래시 토글·버튼 활성/비활성)는 LED 하드웨어라 device-free 불가. 물리 하드웨어 → EXCLUDE.
166,7.0,5.Magnifying glasses,DEMOTE_FIXTURE,none,썸네일 활성화에 사전 캡처 사진 fixture 필요,precondition '썸네일 버튼 focus 활성'은 사전 캡처 사진(갤러리 콘텐츠) 존재에 의존 — 사진 0인 clean 실행에서 썸네일 부재 가능 = fixture 의존. 또한 OK→외부 구글 갤러리 앱 진입(cross-app). 사전 데이터 필요로 강등.
167,9.0,5.Magnifying glasses,DEMOTE_FIXTURE,none,갤러리 진입 전제에 캡처 사진 fixture + 외부 앱 왕복 필요,precondition이 '구글 갤러리 진입 상태'(166 체인 + 사진 fixture 전제). roundtrip_restore라도 진입 상태 구성에 캡처 사진 fixture가 선행돼야 하고 외부 앱 왕복 의존. 사전 데이터/상태 필요로 강등.
168,11.0,5.Magnifying glasses,DEMOTE_DEVICE,none,"라이브 카메라 AE/AF 초점 포인트(센서) 상태 — 비결정, device-free 불가","여기 '초점'은 라이브 카메라 프리뷰의 AE/AF 초점 포인트. Long-tab으로 카메라 focus-lock 상태 생성 후 방향키 시 초점 비이동/비소멸 확인 = 라이브 카메라 센서 상태 검증. 비결정 센서값, PENDING_F0 계약으로도 고정 불가 → 단말 확정 필요."
169,12.0,5.Magnifying glasses,EXCLUDE,none,화면 조명 밝기 가변 시각 품질 — 고정 assert 불가,핵심 expected 3/4 = 화면 공간 조명 어두워짐/밝아짐 = 가변 밝기/조명 = 시각 품질 전용(prior_reason도 고정 텍스트 assert 불가 명시). 컨트롤바 presence(1/2)만 observe_split해도 TC 실제 의도(조명 가변)는 시각 품질이라 device-free 불가. 시각 품질 전용 → EXCLUDE.
170,21.0,5.Magnifying glasses,DEMOTE_DEVICE,none,라이브 카메라 AF 초점 포인트 위치 — 비결정 센서값,짧은 Tap이 라이브 카메라 초점 포인트 설정→방향키 위→'초점 가운데 이동' 확인. 라이브 카메라 AF 초점 포인트 동작이라 비결정 센서 상태. PENDING_F0로도 고정 불가 → 단말 확정 필요.
171,22.0,5.Magnifying glasses,DEMOTE_DEVICE,none,라이브 카메라 AE/AF 잠금 센서 상태 검증 — 비결정,"길게 Tap으로 카메라 AE/AF 잠금 설정 후 잠긴 초점 비이동 확인. 라이브 카메라 lock 상태 생성·검증 = 카메라 센서 상태. 비결정, device-free 불가 → 단말 확정 필요."
172,26.0,5.Magnifying glasses,DEMOTE_DEVICE,none,라이브 카메라 줌 배율 0.1x 가변값 — 비결정·device-free 불가,expected 핵심 = +버튼으로 라이브 카메라 배율 0.1x씩 가변(카메라 줌)·가변 배율값 검증. 슬라이더 focus 경계정지만 observe_split해도 TC 실제 의도(줌 배율 변경)는 라이브 카메라 가변값이라 device-free 고정 불가. 단말 확정 필요.
173,27.0,5.Magnifying glasses,DEMOTE_DEVICE,none,라이브 카메라 줌 배율 가변값 — device-free 불가,172와 동형(-버튼 줌아웃). 라이브 카메라 배율 0.1x씩 가변 검증 = 비결정 카메라값. 슬라이더 focus만 살려도 TC 실제 검증 의도 미보존. 단말 확정 필요.
174,45.0,6.Pedometer app,DEMOTE_FIXTURE,none,—,"최초 실행 프로필 화면(성별 focused) = clean 실행 결정적 랜딩, fixture 무관. OK→남성/여성 고정 literal POPUP. popup_cancel로 선택 commit 없이 취소→영속 mutation 회피. carrier/SIM 무관. 고정 텍스트 literal presence로 device-free assert."
175,46.0,6.Pedometer app,DEMOTE_FIXTURE,none,—,최초 실행서 down nav로 목표 걸음수 focus 결정적 도달(expected#1이 focus 도달 확인). OK→2000/4000/6000/8000/10000/20000보 고정 literal POPUP. popup_cancel로 commit 없이 취소→mutation 회피. fixture/carrier 무관. 고정 literal presence device-free assert.
176,47.0,6.Pedometer app,DEMOTE_DEVICE,none,Negative focus-state assertion on initial render (focus highlight absence) is timing-dependent; not fixable device-free.,"Two assertions: (1) main-screen transition after OK on back-focused element (deterministic nav, fine), but (2) expected '최초 focus는 노출되지 않는다' asserts the ABSENCE of a focus highlight on first render. Asserting non-presence of focus on initial frame is timing/render-dependent and cannot be fixed by a PENDING_F0 focus contract device-free. observe_split does not resolve the residual negative-focus-on-first-render observation."
177,48.0,6.Pedometer app,DEMOTE_FIXTURE,none,,"Clean launch -> back-focused -> OK reaches main (non-persistent in-app nav) -> direction key -> focus lands on info icon. observe_split separates the screen transition from the focus-landing observation. No persistent mutation, no carrier/SIM, no fixture. Positive focus_state contract on a concrete element (info icon) is expressible device-free with PENDING_F0 selector."
178,51.0,6.Pedometer app,DEMOTE_FIXTURE,none,,"Clean launch -> direction/OK -> 내 정보 button focused -> OK enters 내 정보 sub-screen (in-app nav, non-persistent) -> focus on back button. observe_split splits the navigation side-effect from the focus observation. No persistent mutation, no carrier/SIM, no fixture. Positive presence + focus_state contract."
179,12.0,8. Picture Frame widget,DEMOTE_FIXTURE,none,Slideshow screen depends on pre-existing photo media (fixture data).,Precondition '포토 슬라이드쇼 화면' (photo slideshow screen) requires pre-loaded photo content for the picture frame to display a slideshow; a clean app with no media cannot deterministically reach the slideshow state. Pre-existing photo fixture required.
180,10.0,9.Simple settings,SALVAGE_CONFIRMED,observe_split,,"From clean simple-mode home, direction keys focus 'Simple setting' -> OK enters Simple setting menu (in-app/system nav, non-persistent read-only entry). observe_split separates the focus step from the menu-entry observation. Static system menu, no fixture/mutation/SIM. Presence + focus_state contract."
181,11.0,9.Simple settings,SALVAGE_CONFIRMED,observe_split,,"Navigate to Simple setting then tap 소리 및 진동 -> enter sound&vibration menu. Pure navigation into a static system sub-menu with no toggle/save; non-persistent read-only entry, no fixture, no carrier/SIM. observe_split splits the tap-navigation from the menu-presence assert."
182,18.0,스팸 메시지 및 번호 차단 확인 TC,DEMOTE_FIXTURE,none,Persistent state mutation (blocked-phrase added/saved) with no reliable restore.,"Adding an arbitrary blocked phrase under 차단된 문구 is a persistent mutation that is saved to the block list; the expected verifies the add succeeded = irreversible state change. transient_input alone does not remove the persistence (prior_reason itself flags '입력+영속 추가 혼합'). No roundtrip_restore guarantee, so persistent mutation remains."
